ROWNUM;Name;AdmArea;District;Address;LocationDescription;Longitude_WGS84;Latitude_WGS84;CarCapacity;Mode;global_id;
1;"Парковка такси по адресу площадь Курского Вокзала, дом 33";"Центральный административный округ";"Басманный район";"площадь Курского Вокзала, дом 33";"площадь Курского вокзала, напротив входа на вокзал";"37.6603925228118";"55.7569450933552";"20";"круглосуточно";"1704689";
2;"Парковка такси по адресу улица Маршала Василевского, дом 15";"Северо-Западный административный округ";"район Щукино";"улица Маршала Василевского, дом 15";"В заездном кармане";"37.4660289287567";"55.807539921555";"3";"круглосуточно";"1704695";
3;"Парковка такси по адресу Краснодарская улица, дом 54";"Юго-Восточный административный округ";"район Люблино";"Краснодарская улица, дом 54";"Станция метро «Волжская»";"37.7553158998489";"55.6903224689669";"4";"круглосуточно";"1704693";
4;"Парковка такси по адресу 1-я улица Машиностроения, дом 7";"Юго-Восточный административный округ";"Южнопортовый район";"1-я улица Машиностроения, дом 7";"";"37.6756140589714";"55.7152588375062";"3";"круглосуточно";"1704690";
5;"Парковка такси по адресу Карачаровское шоссе, дом 15";"Юго-Восточный административный округ";"Нижегородский район";"Карачаровское шоссе, дом 15";"";"37.7630192041397";"55.7356914963956";"4";"круглосуточно";"1704691";
6;"Парковка такси по адресу улица Маршала Бирюзова, дом 32";"Северо-Западный административный округ";"район Щукино";"улица Маршала Бирюзова, дом 32";"ТЦ «Пятая авеню», в кармане после остановки Мосгортранса «52-я городская больница»";"37.4826049804687";"55.7993632879145";"4";"круглосуточно";"1704694";
7;"Парковка такси по адресу Строгинский бульвар, дом 30";"Северо-Западный административный округ";"район Строгино";"Строгинский бульвар, дом 30";"У выхода из станции метро «Строгино», восточный вестибюль в сторону Строгинского бульвара, дома 30, после автобусной остановки";"37.4060869216918";"55.8028186678313";"3";"круглосуточно";"1704696";
8;"Парковка такси по адресу Строгинский бульвар, дом 9";"Северо-Западный административный округ";"район Строгино";"Строгинский бульвар, дом 9";"У выхода из станции метро «Строгино», западный вестибюль в сторону Строгинского бульвара, дома 9, перед автобусной остановкой";"37.4018543958663";"55.8042447518178";"4";"круглосуточно";"1704698";
9;"Парковка такси по адресу улица Маршала Катукова, дом 25";"Северо-Западный административный округ";"район Строгино";"улица Маршала Катукова, дом 25";"";"37.4143213033676";"55.8052667967899";"3";"круглосуточно";"1704699";
10;"Парковка такси по адресу Строгинский бульвар, дом 12";"Северо-Западный административный округ";"район Строгино";"Строгинский бульвар, дом 12";"У выхода из станции метро «Строгино», западный вестибюль в сторону Строгинского бульвара, дома 30, перед автобусной остановкой";"37.3984318971633";"55.8044346914088";"4";"круглосуточно";"1704697";
11;"Парковка такси по адресу Тихорецкий бульвар, дом 1 (1)";"Юго-Восточный административный округ";"район Люблино";"Тихорецкий бульвар, дом 1";"ТЦ «Москва»";"37.7767521142959";"55.6731317657381";"5";"круглосуточно";"1704692";
12;"Парковка такси по адресу улица Героев Панфиловцев, дом 28";"Северо-Западный административный округ";"район Северное Тушино";"улица Героев Панфиловцев, дом 28";"На парковке Тушинской городской детской больницы";"37.4071812629699";"55.8526312769008";"3";"круглосуточно";"1704705";
13;"Парковка такси по адресу Планерная улица, дом 12, корпус 1";"Северо-Западный административный округ";"район Северное Тушино";"Планерная улица, дом 12, корпус 1";"У выхода из станции метро «Планерная»";"37.4363422393798";"55.8617510506298";"3";"круглосуточно";"1704706";
14;"Парковка такси по адресу Пятницкое шоссе, дом 43";"Северо-Западный административный округ";"район Митино";"Пятницкое шоссе, дом 43";"Дублер, на парковке ТЦ";"37.3506724834442";"55.8577860637298";"3";"круглосуточно";"1704703";
15;"Парковка такси по адресу Митинская улица, дом 36, корпус 1";"Северо-Западный административный округ";"район Митино";"Митинская улица, дом 36, корпус 1";"ТЦ «Ковчег», на проезжей части перед остановкой Мосгортранса, станция метро «Митино»";"37.3609560728073";"55.8466656846962";"4";"круглосуточно";"1704701";
16;"Парковка такси по адресу улица Свободы, дом 71";"Северо-Западный административный округ";"район Северное Тушино";"улица Свободы, дом 71";"улица Свободы, у входа в парк культуры и отдыха «Северное Тушино»";"37.4493294954299";"55.8602518093103";"2";"круглосуточно";"1704707";
17;"Парковка такси по адресу Новотушинский проезд, дом 6, корпус 1";"Северо-Западный административный округ";"район Митино";"Новотушинский проезд, дом 6, корпус 1";"Выход из станции метро «Волоколамская», перед остановкой Мосгортранса «станция метро Волоколамская», напротив Новотушинского проезда, дома 6, корпуса 1";"37.3821079730987";"55.8368555499699";"4";"круглосуточно";"1704704";
18;"Парковка такси по адресу Ангелов переулок, дом 1, корпус 1";"Северо-Западный административный округ";"район Митино";"Ангелов переулок, дом 1, корпус 1";"ТЦ «КУБ» в кармане перед рестораном «Мануфактура»";"37.3509514331817";"55.8528601254003";"3";"круглосуточно";"1704702";
19;"Парковка такси по адресу Дубравная улица, дом 34/29";"Северо-Западный административный округ";"район Митино";"Дубравная улица, дом 34/29";"Станция метро «Митино», ТЦ «Ладья», на проезжей части перед остановкой Мосгортранса станция метро «Митино»";"37.3595076799392";"55.8462771817672";"4";"круглосуточно";"1704700";
20;"Парковка такси по адресу улица Героев Панфиловцев, дом 1А";"Северо-Западный административный округ";"район Южное Тушино";"улица Героев Панфиловцев, дом 1А";"";"37.4390405416488";"55.8504872623464";"3";"круглосуточно";"1704709";
21;"Парковка такси по адресу Митинская улица, дом 27";"Северо-Западный административный округ";"район Митино";"Митинская улица, дом 27";"Выход из станции метро «Митино», к Митинской улице, дом 27, у лифта для инвалидов";"37.360371351242";"55.8462771817672";"2";"круглосуточно";"1704708";
22;"Парковка такси по адресу Новокуркинское шоссе, дом 1";"Северо-Западный административный округ";"район Куркино";"Новокуркинское шоссе, дом 1";"На территории парковки ТЦ «Парус»";"37.4069023132324";"55.8846810255458";"3";"круглосуточно";"1704716";
23;"Парковка такси по адресу Тушинская улица, дом 17";"Северо-Западный административный округ";"район Покровское-Стрешнево";"Тушинская улица, дом 17";"На территории парковки ТЦ «Праздник»";"37.4440294504165";"55.8270278738361";"4";"круглосуточно";"1704712";
24;"Парковка такси по адресу Волоколамское шоссе, дом 90, строение 9";"Северо-Западный административный округ";"район Покровское-Стрешнево";"Волоколамское шоссе, дом 90, строение 9";"В составе ТПУ «Тушинская»";"37.4371898174285";"55.8257442478106";"7";"круглосуточно";"1704718";
25;"Парковка такси по адресу улица Свободы, дом 28, корпус 1";"Северо-Западный административный округ";"район Южное Тушино";"улица Свободы, дом 28, корпус 1";"На территории парковки ресторана «Тануки»";"37.4537873268127";"55.8489153113586";"4";"круглосуточно";"1704711";
26;"Парковка такси по адресу улица Габричевского, дом 10";"Северо-Западный административный округ";"район Покровское-Стрешнево";"улица Габричевского, дом 10";"";"37.4602460861206";"55.8166913725566";"2";"круглосуточно";"1704714";
27;"Парковка такси по адресу Госпитальная улица, дом 14/1";"Юго-Восточный административный округ";"район Лефортово";"Госпитальная улица, дом 14/1";"Выход из парка";"37.6962362229824";"55.767171467531";"4";"круглосуточно";"1704719";
28;"Парковка такси по адресу Сходненская улица, дом 37";"Северо-Западный административный округ";"район Южное Тушино";"Сходненская улица, дом 37";"Станция метро «Сходненская», после остановки ГУП «Мосгортранс»";"37.4393624067306";"55.8496561237682";"4";"круглосуточно";"1704710";
29;"Парковка такси по адресу Волоколамское шоссе, дом 80";"Северо-Западный административный округ";"район Покровское-Стрешнево";"Волоколамское шоссе, дом 80";"На дублере Волоколамского шоссе";"37.4604070186614";"55.8174810214228";"4";"круглосуточно";"1704713";
30;"Парковка такси по адресу Родионовская улица, дом 3";"Северо-Западный административный округ";"район Покровское-Стрешнево";"Родионовская улица, дом 3";"В заездном кармане напротив улицы Соловьиная Роща, дом 10";"37.3989415168762";"55.8932969557782";"3";"круглосуточно";"1704717";
31;"Парковка такси по адресу улица Маршала Бирюзова, дом 40";"Северо-Западный административный округ";"район Щукино";"улица Маршала Бирюзова, дом 40";"площадь Академика Курчатова, на углу улицы Маршала Бирюзова";"37.4772405624389";"55.8021855059769";"2";"круглосуточно";"1704715";
32;"Парковка такси по адресу Большая Сухаревская площадь, дом 2, строение 1";"Центральный административный округ";"Мещанский район";"Большая Сухаревская площадь, дом 2, строение 1";"Станция метро «Сухаревская», у ресторана «Пронто»";"37.6323688030242";"55.7720547033349";"4";"круглосуточно";"1704729";
33;"Парковка такси по адресу площадь Тверская Застава, дом 1";"Центральный административный округ";"Тверской район";"площадь Тверская Застава, дом 1";"В кармане выход из станции метро «Белорусская», кольцевая";"37.582621872425";"55.7751957045844";"2";"круглосуточно";"1704723";
34;"Парковка такси по адресу Привольная улица, дом 29";"Юго-Восточный административный округ";"район Выхино-Жулебино";"Привольная улица, дом 29";"После остановки ГУП «Мосгортранс»";"37.8492629528045";"55.6948290903536";"4";"круглосуточно";"1704730";
35;"Парковка такси по адресу Театральный проезд, дом 1/6";"Центральный административный округ";"Тверской район";"Театральный проезд, дом 1/6";"Возле «Малого театра»";"37.6199126243591";"55.7593930876553";"4";"круглосуточно";"1704721";
36;"Парковка такси по адресу Новорязанская улица, дом 10";"Центральный административный округ";"Красносельский район";"Новорязанская улица, дом 10";"Казанский вокзал, в кармане напротив Новорязанской улицы, дома 10";"37.6574367284774";"55.7723217435454";"5";"круглосуточно";"1704724";
37;"Парковка такси по адресу Мясницкий проезд, дом 4/2";"Центральный административный округ";"Красносельский район";"Мясницкий проезд, дом 4/2";"Станция метро «Красные ворота», выход к внутренней стороне Садового кольца, вдоль проезжей части";"37.6476144790649";"55.7686282793272";"5";"круглосуточно";"1704728";
38;"Парковка такси по адресу улица Мельникова, дом 7";"Центральный административный округ";"Таганский район";"улица Мельникова, дом 7";"";"37.6721727848052";"55.7258080588284";"4";"круглосуточно";"1704720";
39;"Парковка такси по адресу площадь Тверская Застава, дом 9, строение 1";"Центральный административный округ";"Тверской район";"площадь Тверская Застава, дом 9, строение 1";"Возле входа в здание Белорусского вокзала";"37.5827586650848";"55.7768430449661";"10";"круглосуточно";"1704725";
40;"Парковка такси по адресу Театральный проезд, дом 2";"Центральный административный округ";"Тверской район";"Театральный проезд, дом 2";"Напротив «Большого театра», напротив Театрального проезда, дома 2";"37.6201379299163";"55.7585207620559";"5";"круглосуточно";"1704722";
41;"Парковка такси по адресу Ладожская улица, дом 2/37, строение 4";"Центральный административный округ";"Басманный район";"Ладожская улица, дом 2/37, строение 4";"На парковке «Темпл Бар»";"37.6797151565551";"55.7713893579039";"4";"круглосуточно";"1704727";
42;"Парковка такси по адресу Ленинский проспект, дом 34";"Юго-Западный административный округ";"Гагаринский район";"Ленинский проспект, дом 34";"В заездном кармане, у магазина «Азбука вкуса»";"37.5782131789674";"55.7071207417906";"4";"круглосуточно";"1704731";
43;"Парковка такси по адресу Ленинский проспект, дом 41";"Юго-Западный административный округ";"Гагаринский район";"Ленинский проспект, дом 41";"Напротив дома ткани «Тиссура»";"37.5789713859558";"55.7065051871019";"3";"круглосуточно";"1704733";
44;"Парковка такси по адресу Новоясеневский проспект, владение 3А";"Юго-Западный административный округ";"район Ясенево";"Новоясеневский проспект, владение 3А";"";"37.5133967399597";"55.6151103590115";"4";"круглосуточно";"1704737";
45;"Парковка такси по адресу Ленинский проспект, дом 38";"Юго-Западный административный округ";"Гагаринский район";"Ленинский проспект, дом 38";"Дублер парковка возле гостиницы «Спутник»";"37.5734674930572";"55.704552612276";"3";"круглосуточно";"1704732";
46;"Парковка такси по адресу Ленинский проспект, дом 54";"Юго-Западный административный округ";"Гагаринский район";"Ленинский проспект, дом 54";"Универмаг «Москва»";"37.5613546371459";"55.697714808856";"3";"круглосуточно";"1704734";
47;"Парковка такси по адресу проспект Вернадского, дом 7";"Юго-Западный административный округ";"Гагаринский район";"проспект Вернадского, дом 7";"Стоянка возле цирка";"37.5387704372406";"55.6950301452202";"3";"круглосуточно";"1704740";
48;"Парковка такси по адресу Литовский бульвар, дом 22";"Юго-Западный административный округ";"район Ясенево";"Литовский бульвар, дом 22";"На территории парковки ТЦ «Ясенево»";"37.5377887487411";"55.6122836853365";"3";"круглосуточно";"1704735";
49;"Парковка такси по адресу Новоясеневский проспект, дом 11";"Юго-Западный административный округ";"район Ясенево";"Новоясеневский проспект, дом 11";"Заездной карман перед остановкой Мосгортранса «станция метро «Ясенево», ТК «Золотой Вавилон»";"37.5352691892476";"55.6064469443055";"3";"круглосуточно";"1704738";
50;"Парковка такси по адресу Нахимовский проспект, дом 46";"Юго-Западный административный округ";"Академический район";"Нахимовский проспект, дом 46";"После остановки Мосгортранса «станция метро «Профсоюзная»";"37.56158713084";"55.6790261489918";"4";"круглосуточно";"1704736";
51;"Парковка такси по адресу Новоясеневский проспект, дом 24";"Юго-Западный административный округ";"район Ясенево";"Новоясеневский проспект, дом 24";"На проезжей части рядом с остановкой Мосгортранса";"37.5306307913706";"55.6065277297434";"4";"круглосуточно";"1704739";
52;"Парковка такси по адресу Городецкая улица, дом 5";"Восточный административный округ";"район Новокосино";"Городецкая улица, дом 5";"";"37.8670665622303";"55.7427420854793";"4";"круглосуточно";"1704744";
53;"Парковка такси по адресу Профсоюзная улица, дом 109, корпус 2";"Юго-Западный административный округ";"район Коньково";"Профсоюзная улица, дом 109, корпус 2";"В заездном кармане";"37.5189059972763";"55.6318329469388";"4";"круглосуточно";"1704743";
54;"Парковка такси по адресу Череповецкая улица, владение 1";"Северо-Восточный административный округ";"район Лианозово";"Череповецкая улица, владение 1";"ТЦ «Лианозово», в составе ТПУ";"37.5531435368611";"55.8976924490498";"5";"круглосуточно";"1704746";
55;"Парковка такси по адресу улица Олений Вал, дом 1, строение 1";"Восточный административный округ";"район Сокольники";"улица Олений Вал, дом 1, строение 1";"Центральный вход в парк «Сокольники»";"37.6782524941518";"55.7924335131011";"5";"круглосуточно";"1704747";
56;"Парковка такси по адресу Сокольническая площадь, дом 9А";"Восточный административный округ";"район Сокольники";"Сокольническая площадь, дом 9А";"";"37.6798367141236";"55.7899785451472";"10";"круглосуточно";"1704745";
57;"Парковка такси по адресу Профсоюзная улица, дом 104";"Юго-Западный административный округ";"район Коньково";"Профсоюзная улица, дом 104";"На парковке перед домом";"37.5245010852813";"55.6418536902718";"4";"круглосуточно";"1704742";
58;"Парковка такси по адресу Большая Черкизовская улица, дом 3, корпус 1";"Восточный административный округ";"район Преображенское";"Большая Черкизовская улица, дом 3, корпус 1";"";"37.7176595089986";"55.7969449426137";"5";"круглосуточно";"1704748";
59;"Парковка такси по адресу Профсоюзная улица, дом 102";"Юго-Западный административный округ";"район Коньково";"Профсоюзная улица, дом 102";"В заездном кармане между строением 1 и строением 2";"37.5263491272926";"55.6444950819218";"4";"круглосуточно";"1704741";
60;"Парковка такси по адресу Путейская улица, дом 2, корпус 2 (2)";"Северный административный округ";"район Западное Дегунино";"Путейская улица, дом 2, корпус 2";"";"37.513149";"55.869458";"3";"круглосуточно";"1704749";
61;"Парковка такси по адресу Семёновская площадь, дом 1";"Восточный административный округ";"район Соколиная Гора";"Семёновская площадь, дом 1";"";"37.7207851409912";"55.7824729537475";"7";"круглосуточно";"1704750";
62;"Парковка такси по адресу площадь Савёловского Вокзала, дом 2";"Северо-Восточный административный округ";"Бутырский район";"площадь Савёловского Вокзала, дом 2";"До остановки общественного транспорта";"37.5884091676198";"55.7938539460051";"6";"круглосуточно";"1704752";
63;"Парковка такси по адресу 9-я Парковая улица, дом 26, корпус 1";"Восточный административный округ";"район Измайлово";"9-я Парковая улица, дом 26, корпус 1";"Выход из станции метро «Первомайская»";"37.7998423932149";"55.794253045144";"4";"круглосуточно";"1704759";
64;"Парковка такси по адресу Щербаковская улица, дом 53";"Восточный административный округ";"район Соколиная Гора";"Щербаковская улица, дом 53";"";"37.7378297207906";"55.783016934705";"3";"круглосуточно";"1704757";
65;"Парковка такси по адресу Большая Семёновская улица, дом 26, строение 2";"Восточный административный округ";"район Соколиная Гора";"Большая Семёновская улица, дом 26, строение 2";"";"37.7062278806442";"55.7822316243698";"6";"круглосуточно";"1704753";
66;"Парковка такси по адресу проспект Будённого, дом 18 Б";"Восточный административный округ";"район Соколиная Гора";"проспект Будённого, дом 18 Б";"На парковке торгового дома";"37.7297186133364";"55.7678708345193";"5";"круглосуточно";"1704755";
67;"Парковка такси по адресу Щёлковское шоссе, дом 100";"Восточный административный округ";"район Гольяново";"Щёлковское шоссе, дом 100";"ТЦ «Щелково»";"37.8295826193789";"55.8111533740242";"5";"круглосуточно";"1704758";
68;"Парковка такси по адресу Беговая улица, дом 22, строение 13";"Северный административный округ";"район Беговой";"Беговая улица, дом 22, строение 13";"";"37.566866";"55.780327";"3";"круглосуточно";"1704751";
69;"Парковка такси по адресу проспект Будённого, дом 53";"Восточный административный округ";"район Соколиная Гора";"проспект Будённого, дом 53";"";"37.7398216365327";"55.7578124435434";"5";"круглосуточно";"1704754";
70;"Парковка такси по адресу проспект Будённого, дом 39, корпус 1";"Восточный административный округ";"район Соколиная Гора";"проспект Будённого, дом 39, корпус 1";"";"37.7339494228363";"55.763999910891";"5";"круглосуточно";"1704756";
71;"Парковка такси по адресу Первомайская улица, дом 93/20";"Восточный административный округ";"район Измайлово";"Первомайская улица, дом 93/20";"Кинотеатр «Первомайский»";"37.8064584372987";"55.7934528523658";"4";"круглосуточно";"1704760";
72;"Парковка такси по адресу Зелёный проспект, дом 54-56";"Восточный административный округ";"район Новогиреево";"Зелёный проспект, дом 54-56";"";"37.8144657967641";"55.7511791729119";"4";"круглосуточно";"1704766";
73;"Парковка такси по адресу Профсоюзная улица, дом 91";"Юго-Западный административный округ";"район Коньково";"Профсоюзная улица, дом 91";"На дублере за остановкой ГУП «Мосгортранс»";"37.526244521141";"55.6417431869113";"4";"круглосуточно";"1704769";
74;"Парковка такси по адресу улица Красный Казанец, владение 18";"Восточный административный округ";"район Вешняки";"улица Красный Казанец, владение 18";"Перед остановкой маршрута № 9М в составе ТПУ «Выхино»";"37.8182244300842";"55.7170069148951";"2";"круглосуточно";"1704767";
75;"Парковка такси по адресу Свободный проспект, дом 33А";"Восточный административный округ";"район Новогиреево";"Свободный проспект, дом 33А";"";"37.8181243298604";"55.7531314097803";"4";"круглосуточно";"1704764";
76;"Парковка такси по адресу Свободный проспект, дом 19";"Восточный административный округ";"район Ивановское";"Свободный проспект, дом 19";"";"37.8204274355448";"55.7592964989302";"2";"круглосуточно";"1704762";
77;"Парковка такси по адресу Профсоюзная улица, дом 109, корпус 1";"Юго-Западный административный округ";"район Коньково";"Профсоюзная улица, дом 109, корпус 1";"В заездном кармане";"37.5194478034973";"55.6331098523699";"4";"круглосуточно";"1704770";
78;"Парковка такси по адресу Большой Купавенский проезд, дом 6, строение 1";"Восточный административный округ";"район Ивановское";"Большой Купавенский проезд, дом 6, строение 1";"";"37.8195298073842";"55.7760943284241";"3";"круглосуточно";"1704761";
79;"Парковка такси по адресу Зелёный проспект, дом 21";"Восточный административный округ";"район Перово";"Зелёный проспект, дом 21";"";"37.7845251560211";"55.7508883486968";"4";"круглосуточно";"1704768";
80;"Парковка такси по адресу Зелёный проспект, дом 79А";"Восточный административный округ";"район Новогиреево";"Зелёный проспект, дом 79А";"";"37.8162717819213";"55.7518373158223";"4";"круглосуточно";"1704765";
81;"Парковка такси по адресу Зелёный проспект, дом 81";"Восточный административный округ";"район Новогиреево";"Зелёный проспект, дом 81";"";"37.8198552131652";"55.7512858653547";"4";"круглосуточно";"1704763";
82;"Парковка такси по адресу 1-я улица Бухвостова, дом 11/12";"Восточный административный округ";"район Преображенское";"1-я улица Бухвостова, дом 11/12";"";"37.7091872692108";"55.7993271043035";"3";"круглосуточно";"1704774";
83;"Парковка такси по адресу Севастопольский проспект, дом 11Е";"Юго-Западный административный округ";"район Котловка";"Севастопольский проспект, дом 11Е";"На территории парковки ТЦ «Капитолий»";"37.6031970977783";"55.6872482349633";"4";"круглосуточно";"1704771";
84;"Парковка такси по адресу Севастопольский проспект, дом 24Б";"Юго-Западный административный округ";"район Котловка";"Севастопольский проспект, дом 24Б";"На территории парковки «Экспострой»";"37.5864350617848";"55.6711936480568";"4";"круглосуточно";"1704772";
85;"Парковка такси по адресу Измайловское шоссе, дом 71, строение 1 Б";"Восточный административный округ";"район Измайлово";"Измайловское шоссе, дом 71, строение 1Б";"Гостиница «Измайлово»";"37.748868763474";"55.7888636048275";"4";"круглосуточно";"1704776";
86;"Парковка такси по адресу улица Измайловский Вал, дом 1А";"Восточный административный округ";"район Соколиная Гора";"улица Измайловский Вал, дом 1А";"Фабрика «Красная заря»";"37.7183416485786";"55.78309838188";"3";"круглосуточно";"1704775";
87;"Парковка такси по адресу Привольная улица, дом 71, корпус 1";"Юго-Восточный административный округ";"район Выхино-Жулебино";"Привольная улица, дом 71, корпус 1";"";"37.8511863887644";"55.6798604043";"4";"круглосуточно";"1704773";
88;"Парковка такси по адресу Уральская улица, дом 2, строение 1";"Восточный административный округ";"район Гольяново";"Уральская улица, дом 2, строение 1";"Автовокзал «Щелковский», на дублере";"37.7993837001122";"55.8103208518424";"10";"круглосуточно";"1704778";
89;"Парковка такси по адресу Щелковское шоссе, дом 125, строение 27";"Восточный административный округ";"район Преображенское";"Щёлковское шоссе, дом 125, строение 27";"Возле касс стадиона «Локомотив»";"37.7427005770005";"55.8013915265299";"6";"круглосуточно";"1704777";
90;"Парковка такси по адресу Алтуфьевское шоссе, дом 86, корпус 1";"Северо-Восточный административный округ";"район Бибирево";"Алтуфьевское шоссе, дом 86, корпус 1";"Дублер, в составе ТПУ «Алтуфьево»";"37.587679606604";"55.8975129803251";"3";"круглосуточно";"1704780";
91;"Парковка такси по адресу Первомайская улица, дом 106-110";"Восточный административный округ";"район Восточное Измайлово";"Первомайская улица, дом 106-110";"";"37.8139919042587";"55.7933774583634";"5";"круглосуточно";"1704779";
92;"Парковка такси по адресу Сокольническая площадь, дом 4А";"Восточный административный округ";"район Сокольники";"Сокольническая площадь, дом 4А";"";"37.6791715623039";"55.7894185655315";"4";"круглосуточно";"1704781";
93;"Парковка такси по адресу Минская улица, дом 16А";"Западный административный округ";"район Филёвский Парк";"Минская улица, дом 16А";"";"37.4838709831237";"55.7401732576517";"4";"круглосуточно";"1704790";
94;"Парковка такси по адресу Солнцевский проспект, дом 6";"Западный административный округ";"район Солнцево";"Солнцевский проспект, дом 6";"В заездном кармане между домом 4 и домом 6";"37.3969995975494";"55.6522774478031";"3";"круглосуточно";"1704786";
95;"Парковка такси по адресу улица Юности, дом 5/1";"Восточный административный округ";"район Вешняки";"улица Юности, дом 5/1";"Центральный вход в парк";"37.8106749058861";"55.7319150217504";"4";"круглосуточно";"1704783";
96;"Парковка такси по адресу Кусковская улица, дом 2А";"Восточный административный округ";"район Перово";"Кусковская улица, дом 2А";"Площадка ГУП «Мосгортранс»";"37.7660251019551";"55.7375206849286";"5";"круглосуточно";"1704785";
97;"Парковка такси по адресу Алтуфьевское шоссе, дом 88А";"Северо-Восточный административный округ";"район Бибирево";"Алтуфьевское шоссе, дом 88А";"Дублер в составе ТПУ «Алтуфьево»";"37.5876635135136";"55.8992774344083";"3";"круглосуточно";"1704788";
98;"Парковка такси по адресу Зеленый проспект, дом 22";"Восточный административный округ";"район Новогиреево";"Зелёный проспект, дом 22";"Возле станции метро «Перово»";"37.7876669169563";"55.7513774219907";"4";"круглосуточно";"1704784";
99;"Парковка такси по адресу Кутузовский проспект, дом 17";"Западный административный округ";"район Дорогомилово";"Кутузовский проспект, дом 17";"";"37.5562369823455";"55.7471938502241";"4";"круглосуточно";"1704791";
100;"Парковка такси по адресу Зеленый проспект, дом 24-26";"Восточный административный округ";"район Новогиреево";"Зелёный проспект, дом 24-26";"";"37.7885931730816";"55.7511600523555";"4";"круглосуточно";"1704782";
101;"Парковка такси по адресу территория Ленинские Горы, дом 1, строение 5";"Западный административный округ";"район Раменки";"территория Ленинские Горы, дом 1, строение 5";"Дублер после остановок в сторону «МГУ», напротив ТЦ «Университи»";"37.5352352857589";"55.6941533570209";"4";"круглосуточно";"1704789";
102;"Парковка такси по адресу площадь Киевского Вокзала, дом 1";"Западный административный округ";"район Дорогомилово";"площадь Киевского Вокзала, дом 1";"Возле центрального входа в здание Киевского вокзала";"37.5677758455276";"55.7437033392895";"20";"круглосуточно";"1704799";
103;"Парковка такси по адресу Интернациональная улица, дом 2";"Западный административный округ";"район Внуково";"Интернациональная улица, дом 2";"Боровское шоссе дублер, после пересечения с Интернациональной улицей, у дома 2, на парковке";"37.2572672367095";"55.6116868160722";"2";"круглосуточно";"1704792";
104;"Парковка такси по адресу проспект Маршала Жукова, дом 18";"Северо-Западный административный округ";"район Хорошёво-Мнёвники";"проспект Маршала Жукова, дом 18";"В кармане у магазина «Пятерочка»";"37.4874383211135";"55.7758006426131";"4";"круглосуточно";"1704800";
105;"Парковка такси по адресу Полоцкая улица, дом 7";"Западный административный округ";"район Кунцево";"Полоцкая улица, дом 7";"Рядом с магазином «Пятерочка»";"37.4238699674606";"55.7285449824416";"2";"круглосуточно";"1704794";
106;"Парковка такси по адресу Багратионовский проезд, дом 5";"Западный административный округ";"район Филёвский Парк";"Багратионовский проезд, дом 5";"ТЦ «Филион» вдоль проезжей части";"37.5085848569869";"55.744767736658";"3";"круглосуточно";"1704798";
107;"Парковка такси по адресу Беговая улица, дом 22";"Северный административный округ";"район Беговой";"Беговая улица, дом 22";"Возле ипподрома, у входа в ресторан «Бега»";"37.5592839717864";"55.7792460457571";"3";"круглосуточно";"1704801";
108;"Парковка такси по адресу улица Шолохова, дом 15";"Западный административный округ";"район Ново-Переделкино";"улица Шолохова, дом 15";"Заездной карман, перед перекрестком с улицей Скульптора Мухиной";"37.3459893465042";"55.6420459351014";"3";"круглосуточно";"1704796";
109;"Парковка такси по адресу Боровское шоссе, дом 51, строение 1";"Западный административный округ";"район Ново-Переделкино";"Боровское шоссе, дом 51, строение 1";"На парковке ТЦ, Боровское шоссе, дом 51, строение 1, на перекрестке с улицей Шолохова";"37.352984547615";"55.637483271792";"5";"круглосуточно";"1704795";
110;"Парковка такси по адресу Бутырская улица, дом 9, строение 1";"Северный административный округ";"Савёловский район";"Бутырская улица, дом 9, строение 1";"";"37.5839066505432";"55.7952019522522";"3";"круглосуточно";"1704797";
111;"Парковка такси по адресу Сколковское шоссе, дом 31";"Западный административный округ";"Можайский район";"Сколковское шоссе, дом 31";"Заездной карман после остановки Мосгортранса «Сколковское шоссе, 31» напротив ТЦ «Спортхит»";"37.4028360843658";"55.7061636446761";"2";"круглосуточно";"1704793";
112;"Парковка такси по адресу Дмитровское шоссе, дом 26";"Северный административный округ";"Тимирязевский район";"Дмитровское шоссе, дом 26";"У ТЦ «Европа»";"37.5732314586639";"55.8358313219755";"4";"круглосуточно";"1704804";
113;"Парковка такси по адресу Большая Академическая улица, дом 35";"Северный административный округ";"район Коптево";"Большая Академическая улица, дом 35";"На парковке ресторана «Павлин Мавлин»";"37.5311529636383";"55.8312551032775";"2";"круглосуточно";"1704802";
114;"Парковка такси по адресу Суздальская улица, дом 24";"Восточный административный округ";"район Новокосино";"Суздальская улица, дом 24";"";"37.8582215309143";"55.7434234812055";"4";"круглосуточно";"1704808";
115;"Парковка такси по адресу улица Лобачевского, дом 80";"Западный административный округ";"район Проспект Вернадского";"улица Лобачевского, дом 80";"Отдельная свободная площадка напротив «МГИМО»";"37.488248348236";"55.6733737703567";"5";"круглосуточно";"1704812";
116;"Парковка такси по адресу Вешняковская улица, дом 18";"Восточный административный округ";"район Вешняки";"Вешняковская улица, дом 18";"";"37.8259170055389";"55.7232733635467";"2";"круглосуточно";"1704809";
117;"Парковка такси по адресу шоссе Энтузиастов, дом 26";"Восточный административный округ";"район Перово";"шоссе Энтузиастов, дом 26";"";"37.7194172143936";"55.7514539036421";"3";"круглосуточно";"1704810";
118;"Парковка такси по адресу Дмитровское шоссе, дом 13";"Северный административный округ";"Тимирязевский район";"Дмитровское шоссе, дом 13";"";"37.574508190155";"55.8184906636151";"4";"круглосуточно";"1704803";
119;"Парковка такси по адресу шоссе Энтузиастов, дом 7А";"Юго-Восточный административный округ";"район Лефортово";"шоссе Энтузиастов, дом 7А";"Стоянка возле ТЦ «Рогожская Застава»";"37.7003896236419";"55.7488755852817";"4";"круглосуточно";"1704811";
120;"Парковка такси по адресу Мичуринский проспект, дом 3, корпус 1";"Западный административный округ";"район Тропарёво-Никулино";"Мичуринский проспект, дом 3, корпус 1";"«островок» напротив ТЦ «Фестиваль»";"37.4646878242492";"55.6771488485817";"5";"круглосуточно";"1704813";
121;"Парковка такси по адресу Матвеевская улица, дом 2";"Западный административный округ";"район Очаково-Матвеевское";"Матвеевская улица, дом 2";"Напротив Матвеевской улицы, дома 2, ТЦ «ТУК-ТУК» около рынка, примыкающего к платформе «Матвеевское» в заездном кармане";"37.4793702363967";"55.7046402686554";"4";"круглосуточно";"1704814";
122;"Парковка такси по адресу Осенний бульвар, дом 12";"Западный административный округ";"район Крылатское";"Осенний бульвар, дом 12";"Возле северного вестибюля станции метро «Крылатское», на проезжей части у универсама «Перекресток»";"37.408457994461";"55.7587441275626";"3";"круглосуточно";"1704818";
123;"Парковка такси по адресу Рижская площадь, дом 3";"Северо-Восточный административный округ";"район Марьина Роща";"Рижская площадь, дом 3";"Перед зданием Рижского вокзала";"37.6331788301467";"55.7924646667272";"4";"круглосуточно";"1704815";
124;"Парковка такси по адресу 1-я Чоботовская аллея, дом 14А";"Западный административный округ";"район Солнцево";"1-я Чоботовская аллея, дом 14А";"Площадка перед платформой «Переделкино»";"37.3928046226501";"55.6732830188001";"5";"круглосуточно";"1704819";
125;"Парковка такси по адресу улица Генерала Кузнецова, дом 16";"Юго-Восточный административный округ";"район Выхино-Жулебино";"улица Генерала Кузнецова, дом 16";"";"37.8582161664962";"55.6878399014534";"5";"круглосуточно";"1704824";
126;"Парковка такси по адресу Наро-Фоминская улица, дом 17";"Западный административный округ";"район Солнцево";"Наро-Фоминская улица, дом 17";"Площадка перед платформой «Солнечная»";"37.3835778236389";"55.6561937749984";"8";"круглосуточно";"1704820";
127;"Парковка такси по адресу Рязанский проспект, дом 2";"Юго-Восточный административный округ";"Нижегородский район";"Рязанский проспект, дом 2";"ТЦ «Город»";"37.7308756113052";"55.7310793355358";"5";"круглосуточно";"1704823";
128;"Парковка такси по адресу Привольная улица, дом 71";"Юго-Восточный административный округ";"район Выхино-Жулебино";"Привольная улица, дом 71";"";"37.8514569997787";"55.6799466482648";"4";"круглосуточно";"1704821";
129;"Парковка такси по адресу Молодогвардейская улица, дом 25, корпус 1";"Западный административный округ";"район Кунцево";"Молодогвардейская улица, дом 25, корпус 1";"После остановки Мосгортранса «Аптека 269»";"37.4191761016845";"55.7337826655286";"3";"круглосуточно";"1704817";
130;"Парковка такси по адресу Рязанский проспект, дом 1";"Юго-Восточный административный округ";"Нижегородский район";"Рязанский проспект, дом 1";"Поворот к ГИБДД ЮВАО";"37.7291321754455";"55.7310340267341";"3";"круглосуточно";"1704822";
131;"Парковка такси по адресу Малая Филёвская улица, дом 70";"Западный административный округ";"район Фили-Давыдково";"Малая Филёвская улица, дом 70";"Заездной карман около станции метро «Кунцевская»";"37.4462288618087";"55.7309403883774";"2";"круглосуточно";"1704816";
132;"Парковка такси по адресу Хвалынский бульвар, дом 5";"Юго-Восточный административный округ";"район Выхино-Жулебино";"Хвалынский бульвар, дом 5";"";"37.8510224819183";"55.6983496685692";"3";"круглосуточно";"1704828";
133;"Парковка такси по адресу улица Хлобыстова, дом 2";"Юго-Восточный административный округ";"район Выхино-Жулебино";"улица Хлобыстова, дом 2";"Автостанция «Выхино»";"37.8170228004455";"55.7155564845584";"10";"круглосуточно";"1704827";
134;"Парковка такси по адресу проспект Вернадского, дом 14А";"Западный административный округ";"район Проспект Вернадского";"проспект Вернадского, дом 14А";"Карман после остановки ГУП «Мосгортранс»";"37.5046849250793";"55.6779171291822";"2";"круглосуточно";"1704830";
135;"Парковка такси по адресу бульвар Дмитрия Донского, дом 9, корпус 1 (1)";"Юго-Западный административный округ";"район Северное Бутово";"бульвар Дмитрия Донского, дом 9, корпус 1";"В сторону центра площадка возле выхода из метро";"37.5769650936126";"55.5700835677245";"4";"круглосуточно";"1704832";
136;"Парковка такси по адресу улица Гурьянова, дом 2, строение1";"Юго-Восточный административный округ";"район Печатники";"улица Гурьянова, дом 2, строение1";"Выход из станции метро «Печатники»";"37.728676199913";"55.6924692638379";"4";"круглосуточно";"1704825";
137;"Парковка такси по адресу Ленинградский проспект, дом 36, строение 39";"Северный административный округ";"район Аэропорт";"Ленинградский проспект, дом 36, строение 39";"Выход из станции метро «Динамо»";"37.5566232204437";"55.7908652467548";"4";"круглосуточно";"1704834";
138;"Парковка такси по адресу Шарикоподшипниковская улица, дом 13/2";"Юго-Восточный административный округ";"Южнопортовый район";"Шарикоподшипниковская улица, дом 13/2";"Выход из станции метро «Дубровка»";"37.6770114898681";"55.7174813147954";"5";"круглосуточно";"1704829";
139;"Парковка такси по адресу улица Трофимова, дом 35/20";"Юго-Восточный административный округ";"Южнопортовый район";"улица Трофимова, дом 35/20";"Станция метро «Кожуховская»";"37.6858949661254";"55.7049697339787";"5";"круглосуточно";"1704826";
140;"Парковка такси по адресу улица Гарибальди, дом 23";"Юго-Западный административный округ";"район Черёмушки";"улица Гарибальди, дом 23";"Возле ТЦ «Панорама», между улицей Профсоюзной, домом 56 и улицей Гарибальди, домом 23, перед остановкой Мосгортранса «станция метро Новые Черемушки»";"37.5536996126174";"55.6711623975016";"4";"круглосуточно";"1704831";
141;"Парковка такси по адресу Ленинградское шоссе, дом 11";"Северный административный округ";"Войковский район";"Ленинградское шоссе, дом 11";"Станция метро «Войковская», дублер";"37.4980491399765";"55.8180717406316";"4";"круглосуточно";"1704836";
142;"Парковка такси по адресу Фестивальная улица, дом 2 Б";"Северный административный округ";"район Левобережный";"Фестивальная улица, дом 2 Б";"Стоянка у Торгового центра в составе ТПУ «Речной вокзал»";"37.4774765968322";"55.8551455252964";"3";"круглосуточно";"1704843";
143;"Парковка такси по адресу улица Нижняя Масловка, дом 10";"Северный административный округ";"Савёловский район";"улица Нижняя Масловка, дом 10";"Парковка КТ «Прага»";"37.5780647993087";"55.7922284357061";"3";"круглосуточно";"1704842";
144;"Парковка такси по адресу площадь Ганецкого, дом 1А";"Северный административный округ";"Войковский район";"площадь Ганецкого, дом 1А";"Станция метро «Войковская»";"37.4985641241073";"55.8203019261899";"4";"круглосуточно";"1704839";
145;"Парковка такси по адресу Хорошёвское шоссе, дом 22";"Северный административный округ";"Хорошёвский район";"Хорошёвское шоссе, дом 22";"После остановки Мосгортранса «станция метро «Беговая»";"37.5434482097625";"55.7739993780452";"4";"круглосуточно";"1704846";
146;"Парковка такси по адресу Хорошёвское шоссе, дом 37";"Северный административный округ";"Хорошёвский район";"Хорошёвское шоссе, дом 37";"У АЗС";"37.5172859430313";"55.777034626736";"2";"круглосуточно";"1704849";
147;"Парковка такси по адресу Михалковская улица, дом 4";"Северный административный округ";"район Коптево";"Михалковская улица, дом 4";"Парковка кинотеатра «Байкал»";"37.5378370285034";"55.8370754542273";"3";"круглосуточно";"1704838";
148;"Парковка такси по адресу Коровинское шоссе, дом 23";"Северный административный округ";"район Западное Дегунино";"Коровинское шоссе, дом 23";"Парковка у кафе «На востоке»";"37.5235247611999";"55.8773812585423";"3";"круглосуточно";"1704848";
149;"Парковка такси по адресу Тимирязевская улица, дом 17";"Северный административный округ";"Тимирязевский район";"Тимирязевская улица, дом 17";"Парковка у театра «Золотое кольцо»";"37.5677382946014";"55.8116034796309";"3";"круглосуточно";"1704841";
150;"Парковка такси по адресу Хорошёвское шоссе, дом 1";"Северный административный округ";"Хорошёвский район";"Хорошёвское шоссе, дом 1";"Выход из станции метро «Беговая», перед остановкой Мосгортранса";"37.5434052944183";"55.7738273936575";"4";"круглосуточно";"1704845";
151;"Парковка такси по адресу Коровинское шоссе, дом 16";"Северный административный округ";"район Западное Дегунино";"Коровинское шоссе, дом 16";"У въезда на территорию рынка";"37.5276982784271";"55.8740649175799";"3";"круглосуточно";"1704847";
152;"Парковка такси по адресу Хорошёвское шоссе, дом 39, строение 1А";"Северный административный округ";"Хорошёвский район";"Хорошёвское шоссе, дом 39, строение 1А";"";"37.5152689218521";"55.7774690763941";"4";"круглосуточно";"1704851";
153;"Парковка такси по адресу улица Хачатуряна, дом 8";"Северо-Восточный административный округ";"район Отрадное";"улица Хачатуряна, дом 8";"";"37.5919532775878";"55.8574036935628";"4";"круглосуточно";"1704855";
154;"Парковка такси по адресу улица Маршала Василевского, дом 42";"Северо-Западный административный округ";"район Щукино";"улица Маршала Василевского, дом 42";"Станция метро «Щукинская», ТЦ «Щука», перед центральным входом";"37.4631804227828";"55.8096983627912";"4";"круглосуточно";"1704850";
155;"Парковка такси по адресу Домодедовская улица, дом 12";"Южный административный округ";"район Орехово-Борисово Северное";"Домодедовская улица, дом 12";"На территории парковки ТЦ «Перекресток», у ресторана «Шанхай»";"37.7065104246139";"55.6143287268672";"4";"круглосуточно";"1704857";
156;"Парковка такси по адресу Ботаническая улица, дом 29, корпус 1";"Северо-Восточный административный округ";"район Марфино";"Ботаническая улица, дом 29, корпус 1";"Вне проезжей части";"37.5933963060379";"55.8345268984437";"6";"круглосуточно";"1704854";
157;"Парковка такси по адресу улица Плещеева, дом 4";"Северо-Восточный административный округ";"район Бибирево";"улица Плещеева, дом 4";"Территория парковки ТЦ «Перекресток», рядом с выходом из станции метро «Бибирево»";"37.6053518234766";"55.8840772671373";"4";"круглосуточно";"1704856";
158;"Парковка такси по адресу Хорошёвское шоссе, дом 82";"Северный административный округ";"Хорошёвский район";"Хорошёвское шоссе, дом 82";"Станция метро «Полежаевская», до автобусной остановки";"37.5218296051025";"55.7780030807969";"4";"круглосуточно";"1704852";
159;"Парковка такси по адресу Кузьминская улица, дом 8";"Юго-Восточный административный округ";"район Кузьминки";"Кузьминская улица, дом 8";"Кузьминская улица вход в парк ПКиО «Кузьминки-Люблино», разметка";"37.7902553197054";"55.6934188957667";"5";"круглосуточно";"1704859";
160;"Парковка такси по адресу улица Яблочкова, дом 19Г";"Северо-Восточный административный округ";"Бутырский район";"улица Яблочкова, дом 19 Г";"ТЦ «МОЛЛ ДЕПО»";"37.5793039798736";"55.8194158947992";"3";"круглосуточно";"1704853";
161;"Парковка такси по адресу Домодедовская улица, дом 28";"Южный административный округ";"район Орехово-Борисово Южное";"Домодедовская улица, дом 28";"В заездном кармане";"37.7130657434463";"55.604902470636";"4";"круглосуточно";"1704858";
162;"Парковка такси по адресу Прохладная улица, дом 28";"Южный административный округ";"район Бирюлёво Восточное";"Прохладная улица, дом 28";"1-я Радиальная улица, вход в музей заповедник «Царицыно», заездной карман";"37.674468755722";"55.6160373908902";"3";"круглосуточно";"1704861";
163;"Парковка такси по адресу улица Кузнецкий Мост, дом 13/9, строение 1";"Центральный административный округ";"Мещанский район";"улица Кузнецкий Мост, дом 13/9, строение 1";"Московский Дом Художника, разметка";"37.6232618455833";"55.7622151838537";"2";"круглосуточно";"1704864";
164;"Парковка такси по адресу Мячковский бульвар, дом 31/19";"Юго-Восточный административный округ";"район Марьино";"Мячковский бульвар, дом 31/19";"Вход в парк «850 летия», разметка";"37.7633692857853";"55.6479603781192";"4";"круглосуточно";"1704860";
165;"Парковка такси по адресу Театральный проезд, дом 1";"Центральный административный округ";"Тверской район";"Театральный проезд, дом 1";"Возле Малого театра, разметка";"37.620824146179";"55.7590870214213";"3";"круглосуточно";"1704867";
166;"Парковка такси по адресу Дольская улица, дом 1, строение 22";"Южный административный округ";"район Орехово-Борисово Северное";"Дольская улица, дом 1, строение 22";"улица Новоцарицынское шоссе вход музей заповедник «Царицыно», заездной карман";"37.6861310005187";"55.6196362481021";"3";"круглосуточно";"1704862";
167;"Парковка такси по адресу Неглинная улица, дом 8/10";"Центральный административный округ";"Мещанский район";"Неглинная улица, дом 8/10";"Пересечение с улицей Кузнецкий мост - ресторан «Елки-палки», разметка";"37.6201664686595";"55.7616424506374";"3";"круглосуточно";"1704865";
168;"Парковка такси по адресу Тверская улица, дом 4";"Центральный административный округ";"Тверской район";"Тверская улица, дом 4";"В заездном кармане на пересечении с Камергерским переулком, разметка";"37.6119912026479";"55.7593572895312";"3";"круглосуточно";"1704863";
169;"Парковка такси по адресу Пушечная улица, дом 1";"Центральный административный округ";"Мещанский район";"Пушечная улица, дом 1";"На пересечении с Неглинной улицей, разметка";"37.6206463692869";"55.7609623795797";"2";"круглосуточно";"1704868";
170;"Парковка такси по адресу Пушечная улица, дом 9";"Центральный административный округ";"Мещанский район";"Пушечная улица, дом 9";"Перед аркой у кофейни, напротив «Детского мира», разметка";"37.6241092081909";"55.7607194681305";"2";"круглосуточно";"1704869";
171;"Парковка такси по адресу Неглинная улица, дом 2";"Центральный административный округ";"Мещанский район";"Неглинная улица, дом 2";"Пересечение с Театральным проездом";"37.622063755989";"55.7592723517116";"2";"круглосуточно";"1704870";
172;"Парковка такси по адресу улица Рождественка, дом 28/8, строение 16";"Центральный административный округ";"Мещанский район";"улица Рождественка, дом 28/8, строение 16";"У входа в церковь";"37.6235604286193";"55.7658654962345";"2";"круглосуточно";"1704871";
173;"Парковка такси по адресу улица Народного Ополчения, дом 46, корпус 1";"Северо-Западный административный округ";"район Щукино";"улица Народного Ополчения, дом 46, корпус 1";"ТЦ «Дарья», карман у выхода из станции метро «Октябрьское поле» в сторону улицы Маршала Бирюзова, дом 13";"37.4940955638885";"55.7930246124924";"4";"круглосуточно";"1704878";
174;"Парковка такси по адресу проспект Мира, дом 97";"Северо-Восточный административный округ";"Останкинский район";"проспект Мира, дом 97";"В парковочном кармане у «Макдоналдса»";"37.6369392871856";"55.8100339655404";"4";"круглосуточно";"1704876";
175;"Парковка такси по адресу Пятницкое шоссе, дом 18";"Северо-Западный административный округ";"район Митино";"Пятницкое шоссе, дом 18";"На парковке Митинского радиорынка у входа в отель «Митино»";"37.382515668869";"55.843367803863";"3";"круглосуточно";"1704877";
176;"Парковка такси по адресу улица Менжинского, дом 36";"Северо-Восточный административный округ";"Бабушкинский район";"улица Менжинского, дом 36";"На парковке";"37.6626884937286";"55.8700881550667";"4";"круглосуточно";"1704875";
177;"Парковка такси по адресу Старокачаловская улица, дом 1Б";"Юго-Западный административный округ";"район Северное Бутово";"Старокачаловская улица, дом 1Б";"Парковка возле ресторана «Пронто»";"37.5854462385177";"55.5690310922507";"3";"круглосуточно";"1704879";
178;"Парковка такси по адресу улица Покровка, дом 10";"Центральный административный округ";"Басманный район";"улица Покровка, дом 10";"Напротив дома 13";"37.6440444588661";"55.7592119835995";"3";"круглосуточно";"1704872";
179;"Парковка такси по адресу улица Лескова, дом 18А";"Северо-Восточный административный округ";"район Бибирево";"улица Лескова, дом 18А";"«Авто Комис-С»";"37.6070237248677";"55.8975901727366";"4";"круглосуточно";"1704874";
180;"Парковка такси по адресу улица Вавилова, дом 8 (1)";"Юго-Западный административный округ";"Гагаринский район";"улица Вавилова, дом 8";"Станция метро «Ленинский проспект»";"37.58549451828";"55.7069192655084";"4";"круглосуточно";"1704880";
181;"Парковка такси по адресу Костромская улица, дом 17";"Северо-Восточный административный округ";"район Бибирево";"Костромская улица, дом 17";"У выхода из станции метро «Бибирево»";"37.6012659072875";"55.884273857503";"4";"круглосуточно";"1704873";
182;"Парковка такси по адресу Варшавское шоссе, дом 26";"Южный административный округ";"Нагорный район";"Варшавское шоссе, дом 26";"Парковка перед кафе «KFC» у выхода из станции метро «Нагатинская»";"37.6228791475296";"55.6836938739824";"4";"круглосуточно";"1704889";
183;"Парковка такси по адресу улица Каховка, дом 1, строение 1";"Юго-Западный административный округ";"район Черёмушки";"улица Каховка, дом 1, строение 1";"У выхода из станции метро «Каховская», рядом с остановкой Мосгортранса в сторону Чонгарского бульвара";"37.5975143547111";"55.6527839290377";"4";"круглосуточно";"1704883";
184;"Парковка такси по адресу Варшавское шоссе, дом 158, корпус 2";"Южный административный округ";"район Чертаново Южное";"Варшавское шоссе, дом 158, корпус 2";"На территории парковки между дублёром и Варшавским шоссе";"37.5967705249786";"55.5834023760729";"4";"круглосуточно";"1704888";
185;"Парковка такси по адресу Братеевская улица, дом 21";"Южный административный округ";"район Братеево";"Братеевская улица, дом 21";"Хордовый проезд у остановки Мосгортранс «Братеевская улица, дом 21»";"37.7494043111801";"55.6330321193632";"4";"круглосуточно";"1704886";
186;"Парковка такси по адресу Булатниковский проезд, владение 14Д";"Южный административный округ";"район Бирюлёво Западное";"Булатниковский проезд, владение 14Д";"На территории парковки магазина, напротив выхода с платформы «Бирюлево-Пассажирская»";"37.6585471630096";"55.5818287358769";"4";"круглосуточно";"1704887";
187;"Парковка такси по адресу улица Каховка, дом 29А";"Юго-Западный административный округ";"район Черёмушки";"улица Каховка, дом 29А";"В кармане после остановки Мосгортранса";"37.5701236365785";"55.6560283529851";"3";"круглосуточно";"1704882";
188;"Парковка такси по адресу Варшавское шоссе, дом 5";"Южный административный округ";"Донской район";"Варшавское шоссе, дом 5";"На дублере Варшавского шоссе";"37.6218330860137";"55.7011882722967";"3";"круглосуточно";"1704890";
189;"Парковка такси по адресу Каширское шоссе, дом 27";"Южный административный округ";"район Нагатино-Садовники";"Каширское шоссе, дом 27";"Выход из станции метро «Каширская», парковка";"37.6501303911209";"55.6554992154071";"4";"круглосуточно";"1704892";
190;"Парковка такси по адресу Варшавское шоссе, дом 80";"Южный административный округ";"Нагорный район";"Варшавское шоссе, дом 80";"На дублере Варшавского шоссе";"37.6191455125808";"55.6524197014739";"3";"круглосуточно";"1704891";
191;"Парковка такси по адресу Профсоюзная улица, дом 129А (1)";"Юго-Западный административный округ";"район Ясенево";"Профсоюзная улица, дом 129А";"На Новоясеневском проспекте";"37.5075030148946";"55.6179226819819";"3";"круглосуточно";"1704884";
192;"Парковка такси по адресу Загородное шоссе, дом 1 (1)";"Южный административный округ";"Донской район";"Загородное шоссе, дом 1";"«СИБИНТЕК»";"37.6150095462799";"55.7002511628713";"4";"круглосуточно";"1704893";
193;"Парковка такси по адресу улица Маршала Чуйкова, дом 3";"Юго-Восточный административный округ";"район Кузьминки";"улица Маршала Чуйкова, дом 3";"Разметка";"37.7640475631415";"55.7043982157973";"5";"круглосуточно";"1704898";
194;"Парковка такси по адресу Красноказарменная улица, дом 19";"Юго-Восточный административный округ";"район Лефортово";"Красноказарменная улица, дом 19";"Заездной карман";"37.7097913562465";"55.7538944843074";"3";"круглосуточно";"1704899";
195;"Парковка такси по адресу Цимлянская улица, дом 22";"Юго-Восточный административный округ";"район Люблино";"Цимлянская улица, дом 22";"Заездной карман";"37.7701648234142";"55.66982404787";"4";"круглосуточно";"1704901";
196;"Парковка такси по адресу проспект 40 лет Октября, дом 23";"Юго-Восточный административный округ";"район Люблино";"проспект 40 лет Октября, дом 23";"Заездной карман";"37.7461259543633";"55.6748382596299";"3";"круглосуточно";"1704902";
197;"Парковка такси по адресу Пушкинская площадь, дом 2";"Центральный административный округ";"Тверской район";"Пушкинская площадь, дом 2";"У кинотеатра «Россия», ближайшие 2 машиноместа к пересечению с Малым Путинковским переулком";"37.6077971933045";"55.7668367929968";"2";"круглосуточно";"1704896";
198;"Парковка такси по адресу Сретенский бульвар, дом 19/4";"Центральный административный округ";"Красносельский район";"Сретенский бульвар, дом 19/4";"Милютенский переулок, 2 крайних машиноместа на пересечении со Сретенским бульваром";"37.6325138567699";"55.7662481632367";"2";"круглосуточно";"1704895";
199;"Парковка такси по адресу Рождественский бульвар, дом 10/7, строение 1";"Центральный административный округ";"Мещанский район";"Рождественский бульвар, дом 10/7, строение 1";"У входа в ресторан «Мюнхен»";"37.6264196634292";"55.7664162578059";"2";"круглосуточно";"1704894";
200;"Парковка такси по адресу улица Гурьянова, дом 35";"Юго-Восточный административный округ";"район Печатники";"улица Гурьянова, дом 35";"Заездной карман";"37.7174475070933";"55.6836270986101";"4";"круглосуточно";"1704903";
201;"Парковка такси по адресу Люблинская улица, дом 108А";"Юго-Восточный административный округ";"район Марьино";"Люблинская улица, дом 108А";"Заездной карман";"37.7430577750783";"55.6514463129079";"4";"круглосуточно";"1704897";
202;"Парковка такси по адресу Каширское шоссе, дом 42/1";"Южный административный округ";"район Москворечье-Сабурово";"Каширское шоссе, дом 42/1";"Кинотеатр «Мечта»";"37.6625061035156";"55.6489782283286";"4";"круглосуточно";"1704910";
203;"Парковка такси по адресу Каширское шоссе, дом 80";"Южный административный округ";"район Орехово-Борисово Северное";"Каширское шоссе, дом 80";"На территории парковки универмага «Борисовский»";"37.709777355194";"55.6246129111459";"3";"круглосуточно";"1704911";
204;"Парковка такси по адресу Ореховый бульвар, владение 24, корпус 1";"Южный административный округ";"район Зябликово";"Ореховый бульвар, владение 24, корпус 1";"На территории перехватывающей парковки станции метро «Красногвардейская», Ореховый бульвар, владение 24, корпус 1, у ТЦ «Тук-тук»";"37.7468830347061";"55.6139469938779";"4";"круглосуточно";"1704913";
205;"Парковка такси по адресу улица Вавилова, дом 3";"Южный административный округ";"Донской район";"улица Вавилова, дом 3";"Напротив дома 3, заездной карман";"37.5899386167657";"55.7078809380991";"5";"круглосуточно";"1704905";
206;"Парковка такси по адресу Кировоградская улица, дом 9, корпус 4";"Южный административный округ";"район Чертаново Северное";"Кировоградская улица, дом 9, корпус 4";"ТЦ «Южный»";"37.6090335845947";"55.6226138406279";"4";"круглосуточно";"1704912";
207;"Парковка такси по адресу улица Юных Ленинцев, дом 52";"Юго-Восточный административный округ";"район Кузьминки";"улица Юных Ленинцев, дом 52";"Разметка";"37.7654653787612";"55.7001535208133";"5";"круглосуточно";"1704904";
208;"Парковка такси по адресу Пролетарский проспект, дом 18";"Южный административный округ";"район Царицыно";"Пролетарский проспект, дом 18";"Заездной карман";"37.6575045881691";"55.6343822648421";"3";"круглосуточно";"1704909";
209;"Парковка такси по адресу улица Орджоникидзе, дом 5";"Южный административный округ";"Донской район";"улица Орджоникидзе, дом 5";"Заездной карман";"37.6007849333836";"55.7104879559776";"2";"круглосуточно";"1704907";
210;"Парковка такси по адресу Ореховый бульвар, дом 22";"Южный административный округ";"район Зябликово";"Ореховый бульвар, дом 22";"На территории перехватывающей парковки станции метро «Красногвардейская»";"37.7405530214309";"55.6135289011016";"3";"круглосуточно";"1704914";
211;"Парковка такси по адресу улица Орджоникидзе, дом 11, строение 1";"Южный административный округ";"Донской район";"улица Орджоникидзе, дом 11, строение 1";"Заездной карман";"37.5954471233126";"55.7099108364348";"5";"круглосуточно";"1704906";
212;"Парковка такси по адресу Малый Ивановский переулок, дом 2";"Центральный административный округ";"Басманный район";"Малый Ивановский переулок, дом 2";"улица Забелина у входа в Иоанно-Предтеченский женский монастырь, перед местом для инвалидов";"37.6404311746227";"55.7550563954753";"2";"круглосуточно";"1704922";
213;"Парковка такси по адресу улица Тюрина, дом 4";"Южный административный округ";"район Бирюлёво Восточное";"улица Тюрина, дом 4";"Возле парка музея-заповедника «Царицыно»";"37.6722157001495";"55.618371535847";"4";"круглосуточно";"1704921";
214;"Парковка такси по адресу Малый Ивановский переулок, дом 7-9, строение 1";"Центральный административный округ";"Басманный район";"Малый Ивановский переулок, дом 7-9, строение 1";"У ресторана";"37.6410072593898";"55.7542402885111";"2";"круглосуточно";"1704923";
215;"Парковка такси по адресу улица Мастеркова, дом 6";"Южный административный округ";"Даниловский район";"улица Мастеркова, дом 6";"улица Мастеркова, напротив дома 6";"37.6576030254364";"55.7084002399535";"5";"круглосуточно";"1704919";
216;"Парковка такси по адресу проспект Андропова, дом 39, строение 46";"Южный административный округ";"район Нагатинский Затон";"проспект Андропова, дом 39, строение 46";"У бокового входа в музей-заповедник «Коломенское»";"37.6615780591964";"55.6680568865981";"4";"круглосуточно";"1704915";
217;"Парковка такси по адресу проспект Андропова, дом 36";"Южный административный округ";"район Нагатино-Садовники";"проспект Андропова, дом 36";"У Торгового центра";"37.6627904176712";"55.6761264675325";"4";"круглосуточно";"1704916";
218;"Парковка такси по адресу проспект Андропова, дом 8";"Южный административный округ";"Даниловский район";"проспект Андропова, дом 8";"";"37.6662665605545";"55.6958645874495";"4";"круглосуточно";"1704917";
219;"Парковка такси по адресу Петропавловский переулок, дом 5, строение 1";"Центральный административный округ";"Таганский район";"Петропавловский переулок, дом 5, строение 1";"Пересечение с Яузским бульваром";"37.6438157736993";"55.7512460443889";"2";"круглосуточно";"1704924";
220;"Парковка такси по адресу улица Мусы Джалиля, дом 2/3";"Южный административный округ";"район Зябликово";"улица Мусы Джалиля, дом 2/3";"Остановка «Универмаг» парковка на территории универсама «Авоська»";"37.7415454387664";"55.629978094077";"4";"круглосуточно";"1704920";
221;"Парковка такси по адресу Каширское шоссе, владение 25Б, строение 9";"Южный административный округ";"район Нагатино-Садовники";"Каширское шоссе, владение 25Б, строение 9";"Станция метро «Каширская»";"37.6496583223342";"55.6562467365531";"4";"круглосуточно";"1704918";
222;"Парковка такси по адресу улица Малая Дмитровка, дом 4";"Центральный административный округ";"Тверской район";"улица Малая Дмитровка, дом 4";"После остановки «Пушкинская площадь» МГТ «Ленком»";"37.6062690317303";"55.7675391535912";"2";"круглосуточно";"1704931";
223;"Парковка такси по адресу Большой Кисловский переулок, дом 12";"Центральный административный округ";"Пресненский район";"Большой Кисловский переулок, дом 12";"Пересечение с улицей Воздвиженка";"37.6054123879657";"55.7529415823123";"2";"круглосуточно";"1704925";
224;"Парковка такси по адресу Вознесенский переулок, дом 7";"Центральный административный округ";"Пресненский район";"Вознесенский переулок, дом 7";"Вознесенский переулок у Англиканской церкви Святого Андрея ближайшие машиноместа к входу в Гостиницу «Marriott Courtyard City Center»";"37.6043544172716";"55.7580822979451";"2";"круглосуточно";"1704927";
225;"Парковка такси по адресу Большая Никитская улица, дом12, строение 2";"Центральный административный округ";"Пресненский район";"Большая Никитская улица, дом 12, строение 2";"Газетный переулок у гостиницы «Никитская»";"37.6072171389205";"55.7564798363533";"2";"круглосуточно";"1704926";
226;"Парковка такси по адресу улица Машкова, дом 23";"Центральный административный округ";"Басманный район";"улица Машкова, дом 23";"Пересечение с Садовой-Черногрязской улицей";"37.6550370092445";"55.7648167643333";"2";"круглосуточно";"1704932";
227;"Парковка такси по адресу Большая Никитская улица, дом 19";"Центральный административный округ";"Пресненский район";"Большая Никитская улица, дом 19";"У входа в театр и станции метро «Маяковская»";"37.6014189002671";"55.7571393388233";"2";"круглосуточно";"1704930";
228;"Парковка такси по адресу Тверской бульвар, дом 2";"Центральный административный округ";"Пресненский район";"Тверской бульвар, дом 2";"Леонтьевский переулок у здания «ИТАР-ТАСС», ближайшие к пересечению с Большой Никитской улицей";"37.6000125107202";"55.7575337128825";"2";"круглосуточно";"1704928";
229;"Парковка такси по адресу Настасьинский переулок, дом 2";"Центральный административный округ";"Тверской район";"Настасьинский переулок, дом 2";"Пересечение с Тверской улицей";"37.602651536481";"55.7663700394859";"3";"круглосуточно";"1704933";
230;"Парковка такси по адресу Неглинная улица, дом 20";"Центральный административный округ";"Мещанский район";"Неглинная улица, дом 20";"Пересечение с Рождественским бульваром; разметка";"37.6214552700912";"55.7664772787872";"3";"круглосуточно";"1704934";
231;"Парковка такси по адресу Малый Знаменский переулок, дом 14";"Центральный административный округ";"район Хамовники";"Малый Знаменский переулок, дом 14";"Пересечение с улицей Волхонка, разметка";"37.6057153164947";"55.7465511184502";"3";"круглосуточно";"1704929";
232;"Парковка такси по адресу улица Авиаконструктора Микояна, дом 3 (1)";"Северный административный округ";"Хорошёвский район";"улица Авиаконструктора Микояна, дом 3";"«Мегаспорт» Дворец Спорта, заездной карман";"37.5438666343688";"55.7874088060741";"3";"круглосуточно";"1704937";
233;"Парковка такси по адресу улица Линии Октябрьской Железной Дороги, дом 1Б";"Северный административный округ";"Тимирязевский район";"улица Линии Октябрьской Железной Дороги, дом 1Б";"Выход с платформы «Петровско-Разумовское»";"37.569213";"55.839789";"3";"круглосуточно";"1704935";
234;"Парковка такси по адресу улица 800-летия Москвы, дом 24, строение 1";"Северный административный округ";"район Восточное Дегунино";"улица 800-летия Москвы, дом 24, строение 1";"Перед остановкой «Баскетбольная школа», заездной карман";"37.558341014228";"55.8801907480737";"2";"круглосуточно";"1704936";
235;"Парковка такси по адресу улица Генерала Ермолова, дом 6";"Западный административный округ";"район Дорогомилово";"улица Генерала Ермолова, дом 6";"Станция метро «Парк Победы», в сторону области, заездной карман";"37.5155987261678";"55.7362753020952";"3";"круглосуточно";"1704943";
236;"Парковка такси по адресу улица Софьи Ковалевской, дом 1";"Северный административный округ";"Дмитровский район";"улица Софьи Ковалевской, дом 1";"улица Софьи Ковалевской, вход в парк, перед остановкой «Яхромская улица», заездной карман";"37.532901763916";"55.8802218916181";"2";"круглосуточно";"1704939";
237;"Парковка такси по адресу Сосновая аллея, дом 4";"Зеленоградский административный округ";"район Савёлки";"Сосновая аллея, дом 4";"Перед остановкой «Центр Ювелир»; заездной карман";"37.2266979931737";"55.9888547739789";"3";"круглосуточно";"1704941";
238;"Парковка такси по адресу улица Лётчика Полагушина, корпус 403, строение 14а";"Зеленоградский административный округ";"район Матушкино";"улица Лётчика Полагушина, корпус 403, строение 14А";"Поликлиника № 201; разметка";"37.205302762959";"56.0006183737095";"2";"круглосуточно";"1704940";
239;"Парковка такси по адресу Молдавская улица, дом 2А";"Западный административный округ";"район Кунцево";"Молдавская улица, дом 2А";"Станция метро «Кунцевская», у выхода из первого вагона из центра, в заездном кармане";"37.4458456276079";"55.7307505435451";"2";"круглосуточно";"1704942";
240;"Парковка такси по адресу улица Обручева, дом 25, строение 1";"Юго-Западный административный округ";"Обручевский район";"улица Обручева, дом 25, строение 1";"Заездной карман";"37.5335930227447";"55.6564487766899";"2";"круглосуточно";"1704944";
241;"Парковка такси по адресу проспект 60-летия Октября, дом 19";"Юго-Западный административный округ";"Академический район";"проспект 60-летия Октября, дом 19";"Заездной карман";"37.5765121221411";"55.6935091169328";"3";"круглосуточно";"1704945";
242;"Парковка такси по адресу улица Варварка, дом 3";"Центральный административный округ";"Тверской район";"улица Варварка, дом 3";"После пересечения с Рыбным переулком, Гостиный двор";"37.6278664467099";"55.7528941856227";"2";"круглосуточно";"1704952";
243;"Парковка такси по адресу улица Ильинка, дом 4";"Центральный административный округ";"Тверской район";"улица Ильинка, дом 4";"Пересечение с Рыбным переулком, Гостиный двор, разметка";"37.6255279900215";"55.7548294316626";"2";"круглосуточно";"1704951";
244;"Парковка такси по адресу Красная площадь, дом 3";"Центральный административный округ";"Тверской район";"Красная площадь, дом 3";"Выход из ГУМа, разметка";"37.6224553585052";"55.7537064415619";"3";"круглосуточно";"1704950";
245;"Парковка такси по адресу улица Солянка, дом 9А, строение 2";"Центральный административный округ";"Таганский район";"улица Солянка, дом 9А, строение 2";"Разметка";"37.6408329426521";"55.7518329685774";"2";"круглосуточно";"1704949";
246;"Парковка такси по адресу 3-й Голутвинский переулок, дом 22";"Центральный административный округ";"район Якиманка";"3-й Голутвинский переулок, дом 22";"Пересечение с улицей Большая Якиманка, разметка";"37.6145020724652";"55.7376835881602";"3";"круглосуточно";"1704955";
247;"Парковка такси по адресу Кадашёвская набережная, дом 14";"Центральный административный округ";"район Якиманка";"Кадашёвская набережная, дом 14";"Лужков мост, разметка";"37.6192339180852";"55.7440622484081";"3";"круглосуточно";"1704954";
248;"Парковка такси по адресу Малая Бронная улица, дом 8/1";"Центральный административный округ";"Пресненский район";"Малая Бронная улица, дом 8/1";"У ресторана «Аист», разметка";"37.5966881812928";"55.7601897242041";"2";"круглосуточно";"1704946";
249;"Парковка такси по адресу Поварская улица, дом 54";"Центральный административный округ";"Пресненский район";"Поварская улица, дом 54";"Пересечение с Садовым кольцом, разметка";"37.585273397126";"55.7580094314466";"3";"круглосуточно";"1704947";
250;"Парковка такси по адресу Спиридоньевский переулок, дом 8";"Центральный административный округ";"Пресненский район";"Спиридоньевский переулок, дом 8";"Пересечение с Малой Бронной улицей, разметка";"37.5947115003145";"55.7624184574614";"2";"круглосуточно";"1704948";
251;"Парковка такси по адресу Фролов переулок, дом 2";"Центральный административный округ";"Красносельский район";"Фролов переулок, дом 2";"Вход в театр «Et Cetera», разметка";"37.6351345359034";"55.7651216992714";"2";"круглосуточно";"1704953";
252;"Парковка такси по адресу Берсеневская набережная, дом 20/2";"Центральный административный округ";"район Якиманка";"Берсеневская набережная, дом 20/2";"улица Серафимовича, у входа в театр Эстрады со стороны Берсеневской набережной, разметка";"37.6117130040074";"55.7455452565329";"2";"круглосуточно";"1704958";
253;"Парковка такси по адресу Бутиковский переулок, дом 3";"Центральный административный округ";"район Хамовники";"Бутиковский переулок, дом 3";"Пересечение с Молочным переулком, разметка";"37.6028948126258";"55.7391646042437";"2";"круглосуточно";"1704963";
254;"Парковка такси по адресу Новокрымский проезд, дом 53";"Центральный административный округ";"район Хамовники";"Новокрымский проезд, дом 53";"Пересечение с улицей Остоженка, станция метро «Парк Культуры», разметка";"37.5947875140263";"55.7359492418965";"3";"круглосуточно";"1704961";
255;"Парковка такси по адресу улица Арбат, дом 54";"Центральный административный округ";"район Арбат";"улица Арбат, дом 54";"Пересечение Садового кольца и Смоленского бульвара, разметка";"37.5829452393736";"55.7469995856323";"3";"круглосуточно";"1704960";
256;"Парковка такси по адресу Благовещенский переулок, дом 5";"Центральный административный округ";"Тверской район";"Благовещенский переулок, дом 5";"Пересечение с Тверской улицей, разметка";"37.5990506171001";"55.7680812909961";"3";"круглосуточно";"1704964";
257;"Парковка такси по адресу улица Бахрушина, дом 25";"Центральный административный округ";"район Замоскворечье";"улица Бахрушина, дом 25";"Кинотеатр «Пять звезд», разметка";"37.6368686377281";"55.7330678870569";"2";"круглосуточно";"1704956";
258;"Парковка такси по адресу Болотная площадь, дом 18";"Центральный административный округ";"район Якиманка";"Болотная площадь, дом 18";"К Филёвскому переулку, разметка";"37.6186293484352";"55.7465177542375";"2";"круглосуточно";"1704965";
259;"Парковка такси по адресу улица Бахрушина, дом 12";"Центральный административный округ";"район Замоскворечье";"улица Бахрушина, дом 12";"Разметка";"37.6351981579864";"55.7354967516573";"2";"круглосуточно";"1704957";
260;"Парковка такси по адресу Всеволожский переулок, дом 10";"Центральный административный округ";"район Хамовники";"Всеволожский переулок, дом 10";"Четная сторона, ближайшие к пересечению с улицей Остроженка; разметка";"37.5996563670923";"55.7424233969902";"2";"круглосуточно";"1704959";
261;"Парковка такси по адресу Троилинский переулок, дом 1";"Центральный административный округ";"район Арбат";"Троилинский переулок, дом 1";"У Макдональдс, пересечение с улицей Арбат, разметка";"37.5843712627101";"55.7480173659909";"3";"круглосуточно";"1704962";
262;"Парковка такси по адресу Тверская улица, дом 10, строение 1";"Центральный административный округ";"Тверской район";"Тверская улица, дом 10, строение 1";"Глинищевский переулок, пересечение с Тверской улицей, разметка";"37.6085776090621";"55.7626739438293";"3";"круглосуточно";"1704969";
263;"Парковка такси по адресу 1-я Останкинская улица, дом 5";"Северо-Восточный административный округ";"Останкинский район";"1-я Останкинская улица, дом 5";"Московский музей-усадьба Останкино, заездной карман";"37.6157120702555";"55.8244697401455";"6";"круглосуточно";"1704970";
264;"Парковка такси по адресу проспект Мира, дом 109";"Северо-Восточный административный округ";"Останкинский район";"проспект Мира, дом 109";"Выход из ТК «Космос»; заездной карман";"37.6370747924374";"55.8183437698686";"5";"круглосуточно";"1704971";
265;"Парковка такси по адресу Тверская улица, дом 14";"Центральный административный округ";"Тверской район";"Тверская улица, дом 14";"Козицкий переулок пересечение с Тверской улицей, разметка";"37.6068717241287";"55.7639445600578";"3";"круглосуточно";"1704968";
266;"Парковка такси по адресу Фалеевский переулок, дом 2/24";"Центральный административный округ";"район Якиманка";"Фалеевский переулок, дом 2/24";"Фалеевский переулок, пересечение с Софийской набережной, разметка";"37.6192597746194";"55.7480670934112";"2";"круглосуточно";"1704967";
267;"Парковка такси по адресу улица Декабристов, дом 12";"Северо-Восточный административный округ";"район Отрадное";"улица Декабристов, дом 12";"Напротив гипермаркета Карусель, заездной карман";"37.6044125136832";"55.8642324388232";"3";"круглосуточно";"1704974";
268;"Парковка такси по адресу улица Пришвина, дом 72";"Северо-Восточный административный округ";"район Бибирево";"улица Пришвина, дом 72";"Заездной карман";"37.587857437029";"55.8897171247107";"2";"круглосуточно";"1704975";
269;"Парковка такси по адресу Бродников переулок, дом 3";"Центральный административный округ";"район Якиманка";"Бродников переулок, дом 3";"Бродников переулок, пересечение с улицей Большая Полянка, разметка";"37.6187662481606";"55.7375399530912";"1";"круглосуточно";"1704966";
270;"Парковка такси по адресу Инженерная улица, дом 3";"Северо-Восточный административный округ";"Алтуфьевский район";"Инженерная улица, дом 3";"Напротив магазина; разметка";"37.5811719773628";"55.8796954874378";"2";"круглосуточно";"1704973";
271;"Парковка такси по адресу улица Грекова, дом 10";"Северо-Восточный административный округ";"район Северное Медведково";"улица Грекова, дом 10";"Заездной карман";"37.6620545268451";"55.8886264204694";"6";"круглосуточно";"1704972";
272;"Парковка такси по адресу улица Саломеи Нерис, дом 2";"Северо-Западный административный округ";"район Северное Тушино";"улица Саломеи Нерис, дом 2";"Пересечение улицы Саломеи Нерис и Братцевской улицы, у ворот в «Усадьба Строгановых в Братцево», заездной карман";"37.3986095666623";"55.8513199492566";"2";"круглосуточно";"1704977";
273;"Парковка такси по адресу улица Свободы, дом 30";"Северо-Западный административный округ";"район Южное Тушино";"улица Свободы, дом 30";"После остановки «дом культуры Салют», заездной карман";"37.4549511907389";"55.8410100240689";"2";"круглосуточно";"1704983";
274;"Парковка такси по адресу Строгинский бульвар, дом 1";"Северо-Западный административный округ";"район Строгино";"Строгинский бульвар, дом 1";"ТРЦ «Дарья», заездной карман";"37.3945645806816";"55.8057987319472";"2";"круглосуточно";"1704980";
275;"Парковка такси по адресу Походный проезд, дом 3, строение 6";"Северо-Западный административный округ";"район Южное Тушино";"Походный проезд, дом 3, строение 6";"У Инспекции ФНС России № 46, заездной карман";"37.4112456681177";"55.8352308408396";"2";"круглосуточно";"1704978";
276;"Парковка такси по адресу улица Исаковского, дом 33";"Северо-Западный административный округ";"район Строгино";"улица Исаковского, дом 33";"улица Маршала Катукова напротив улицы Исаковского, дом 33 у входа в парк, заездной карман";"37.4200539348021";"55.8042414354782";"3";"круглосуточно";"1704981";
277;"Парковка такси по адресу улица Нижние Мнёвники, дом 41, корпус 1";"Северо-Западный административный округ";"район Хорошёво-Мнёвники";"улица Нижние Мнёвники, дом 41, корпус 1";"У ресторана «Ермак», заездной карман";"37.4596753656078";"55.7556473223516";"2";"круглосуточно";"1704982";
278;"Парковка такси по адресу Новокуркинское шоссе, дом 47";"Северо-Западный административный округ";"район Куркино";"Новокуркинское шоссе, дом 47";"Перед пешеходным переходом, заездной карман";"37.3887293816005";"55.9048360559192";"3";"круглосуточно";"1704976";
279;"Парковка такси по адресу проспект Маршала Жукова, дом 41,корпус 1";"Северо-Западный административный округ";"район Хорошёво-Мнёвники";"проспект Маршала Жукова, дом 41, корпус 1";"Заездной карман";"37.4698527664077";"55.7757368003011";"2";"круглосуточно";"1704979";
280;"Парковка такси по адресу улица Академика Королёва, дом 12";"Северо-Восточный административный округ";"Останкинский район";"улица Академика Королёва, дом 12";"Подход к Останкинскому пруду; заездной карман";"37.6166296005249";"55.8221341992087";"5";"круглосуточно";"1704984";
281;"Парковка такси по адресу Анадырский проезд, дом 14, корпус 1";"Северо-Восточный административный округ";"Лосиноостровский район";"Анадырский проезд, дом 14, корпус 1";"Заездной карман";"37.709584236145";"55.8804024333055";"6";"круглосуточно";"1704985";
282;"Парковка такси по адресу Волоколамское шоссе, дом 92";"Северо-Западный административный округ";"район Покровское-Стрешнево";"Волоколамское шоссе, дом 92";"ТПУ «Тушино», напротив ресторана «Макдональдс», заездной карман";"37.435655593872";"55.8249939397441";"2";"круглосуточно";"1704990";
283;"Парковка такси по адресу 1-я Рейсовая улица, дом 2";"Западный административный округ";"район Внуково";"1-я Рейсовая улица, дом 2";"Центральная улица после пересечения с 1-й Рейсовой улицей, около остановки Мосгортранса «Гостиница»; заездной карман";"37.2922149179794";"55.6087063333445";"3";"круглосуточно";"1704995";
284;"Парковка такси по адресу Волоколамское шоссе, дом 90, корпус 2";"Северо-Западный административный округ";"район Покровское-Стрешнево";"Волоколамское шоссе, дом 90, корпус 2";"ТПУ «Тушино», перед рестораном «Макдональдс», заездной карман";"37.4357038736343";"55.8246564470599";"2";"круглосуточно";"1704988";
285;"Парковка такси по адресу улица Василия Петушкова, дом 25А, строение 1";"Северо-Западный административный округ";"район Южное Тушино";"улица Василия Петушкова, дом 25А, строение 1";"улица Василия Петушкова перекресток у магазина «Продукты», заездной карман";"37.4068862199783";"55.8381538707998";"2";"круглосуточно";"1704991";
286;"Парковка такси по адресу улица Исаковского, дом 16";"Северо-Западный административный округ";"район Строгино";"улица Исаковского, дом 16";"улица Исаковского у входа в парк Остановка «Памятник героям войны», заездной карман";"37.4098527431488";"55.8132522950347";"2";"круглосуточно";"1704992";
287;"Парковка такси по адресу проезд Стратонавтов, дом 6";"Северо-Западный административный округ";"район Покровское-Стрешнево";"проезд Стратонавтов, дом 6";"ТПУ «Тушино», у выхода из метро, разметка";"37.4379193782806";"55.8272870044677";"3";"круглосуточно";"1704989";
288;"Парковка такси по адресу Беговая улица, дом 7-9";"Северный административный округ";"район Беговой";"Беговая улица, дом 7-9";"Перед остановкой «Улица Поликарпова - Театр»; заездной карман";"37.5555195451306";"55.7773949789412";"2";"круглосуточно";"1704993";
289;"Парковка такси по адресу Мосфильмовская улица, дом 1, строение 18";"Западный административный округ";"район Раменки";"Мосфильмовская улица, дом 1, строение 18";"Станция метро «Парк Победы», напротив дома 1, строение 18, разметка";"37.5264764785242";"55.7217408656124";"2";"круглосуточно";"1704994";
290;"Парковка такси по адресу Светлогорский проезд, дом 13, строение 6";"Северо-Западный административный округ";"район Южное Тушино";"Светлогорский проезд, дом 13, строение 6";"Светлогорский проезд, вход в «Усадьба Строгановых в Братцево», заездной карман";"37.4032223224639";"55.8486231985188";"2";"круглосуточно";"1704987";
291;"Парковка такси по адресу Путевой проезд, дом 50";"Северо-Восточный административный округ";"Алтуфьевский район";"Путевой проезд, дом 50";"Платформа Бескудниково, на площади перед мостом, разметка";"37.5708174705505";"55.8813231828513";"3";"круглосуточно";"1704986";
292;"Парковка такси по адресу улица Воронцовские Пруды, владение 2, корпус 1";"Юго-Западный административный округ";"Обручевский район";"улица Воронцовские Пруды, владение 2, корпус 1";"Напротив центрального входа в «Воронцовский парк», разметка";"37.5409168481564";"55.665616293997";"4";"круглосуточно";"1705003";
293;"Парковка такси по адресу улица Косыгина, дом 17, корпус 8А";"Юго-Западный административный округ";"Гагаринский район";"улица Косыгина, дом 17, корпус 8А";"Напротив смотровой площадки; разметка";"37.5544336258644";"55.7059987058881";"3";"круглосуточно";"1705000";
294;"Парковка такси по адресу улица Наташи Ковшовой, дом 6А";"Западный административный округ";"район Очаково-Матвеевское";"улица Наташи Ковшовой, дом 6А";"Станция метро «Юго-Западная», платформа «Очаково», разметка";"37.4510332344652";"55.6835248784921";"4";"круглосуточно";"1704996";
295;"Парковка такси по адресу улица Воронцовские Пруды, дом 5";"Юго-Западный административный округ";"Обручевский район";"улица Воронцовские Пруды, дом 5";"Заездной карман";"37.5343809484911";"55.6644051681696";"4";"круглосуточно";"1705002";
296;"Парковка такси по адресу улица Косыгина, дом 18";"Юго-Западный административный округ";"Гагаринский район";"улица Косыгина, дом 18";"Смотровая площадка; разметка";"37.5548813941713";"55.7064198018215";"4";"круглосуточно";"1704999";
297;"Парковка такси по адресу улица Богданова, дом 19";"Западный административный округ";"район Солнцево";"улица Богданова, дом 19";"Станция метро «Юго-Западная», кинотеатр «Солнцево», разметка";"37.3938099147198";"55.6528970042003";"3";"круглосуточно";"1704997";
298;"Парковка такси по адресу Ленинский проспект, дом 95А";"Юго-Западный административный округ";"Обручевский район";"Ленинский проспект, дом 95А";"улица Академика Пилюгина напротив дома 95А по Ленинскому проспекту, заездной карман";"37.5266193866991";"55.672471992933";"5";"круглосуточно";"1705001";
299;"Парковка такси по адресу улица Академика Пилюгина, дом 24";"Юго-Западный административный округ";"Обручевский район";"улица Академика Пилюгина, дом 24";"Заездной карман";"37.5291383018338";"55.6713734364489";"2";"круглосуточно";"1705005";
300;"Парковка такси по адресу улица Матросова, владение 1А";"Западный административный округ";"район Солнцево";"улица Матросова, владение 1А";"платформа «Сколково»";"37.4249799724202";"55.6667709846299";"4";"круглосуточно";"1704998";
301;"Парковка такси по адресу улица Академика Пилюгина, дом 10";"Юго-Западный административный округ";"Обручевский район";"улица Академика Пилюгина, дом 10";"Заездной карман";"37.5395107269287";"55.6684697388698";"2";"круглосуточно";"1705004";
302;"Парковка такси по адресу Ленинградский проспект, дом 31, строение 4";"Северный административный округ";"район Беговой";"Ленинградский проспект, дом 31, строение 4";"Клуб Arena Moscow";"37.5595151780726";"55.7850492623004";"3";"круглосуточно";"1705010";
303;"Парковка такси по адресу Дмитровское шоссе, дом 27, корпус 1";"Северный административный округ";"Тимирязевский район";"Дмитровское шоссе, дом 27, корпус 1";"Красностуденческий проезд, выход из гостиницы «Молодежная»; разметка";"37.5709985731919";"55.8260012777831";"2";"круглосуточно";"1705008";
304;"Парковка такси по адресу улица Зои и Александра Космодемьянских, дом 31, корпус 2";"Северный административный округ";"район Коптево";"улица Зои и Александра Космодемьянских, дом 31, корпус 2";"Театр «Без вывески», заездной карман";"37.523356103884";"55.8244599165772";"2";"круглосуточно";"1705007";
305;"Парковка такси по адресу улица Новаторов, дом 1";"Юго-Западный административный округ";"Обручевский район";"улица Новаторов, дом 1";"Заездной карман";"37.5243410105758";"55.6687669557134";"2";"круглосуточно";"1705006";
306;"Парковка такси по адресу Скаковая улица, дом 3";"Северный административный округ";"район Беговой";"Скаковая улица, дом 3";"Театр классического балета, заездной карман";"37.5664715948732";"55.7831957865626";"2";"круглосуточно";"1705012";
307;"Парковка такси по адресу Локомотивный проезд, дом 23";"Северный административный округ";"Тимирязевский район";"Локомотивный проезд, дом 23";"Выход с платформы «Окружная»";"37.5743070244789";"55.846615390497";"2";"круглосуточно";"1705011";
308;"Парковка такси по адресу Ленинградский проспект, дом 30, строение 1";"Северный административный округ";"район Беговой";"Ленинградский проспект, дом 30, строение 1";"Заездной карман";"37.5699440893367";"55.7840404719878";"2";"круглосуточно";"1705009";
309;"Парковка такси по адресу улица Куусинена, дом 2, корпус 1";"Северный административный округ";"Хорошёвский район";"улица Куусинена, дом 2, корпус 1";"После остановки «станция метро «Полежаевская»";"37.5172078367904";"55.7779655500558";"2";"круглосуточно";"1705013";
310;"Парковка такси по адресу Хорошёвское шоссе, дом 35, корпус 1";"Северный административный округ";"Хорошёвский район";"Хорошёвское шоссе, дом 35, корпус 1";"После остановки «станция метро «Полежаевская»";"37.5209083206573";"55.7779503446597";"2";"круглосуточно";"1705015";
311;"Парковка такси по адресу улица Куусинена, дом 13";"Северный административный округ";"Хорошёвский район";"улица Куусинена, дом 13";"Напротив улице Куусинена, дома 13, вход в парк «Березовая роща»";"37.5141386385803";"55.7837990619655";"2";"круглосуточно";"1705014";
312;"Парковка такси по адресу Бескудниковский бульвар, дом 59А";"Северный административный округ";"Бескудниковский район";"Бескудниковский бульвар, дом 59А";"Больница С. Н. Федорова; заездной карман";"37.5371825695037";"55.8721297529304";"4";"круглосуточно";"1705017";
313;"Парковка такси по адресу Фрязевская улица, владение 2, строение 1";"Восточный административный округ";"район Новогиреево";"Фрязевская улица, владение 2, строение 1";"Станция метро «Новогиреево», заездной карман";"37.8170485492592";"55.7447273353673";"5";"круглосуточно";"1705020";
314;"Парковка такси по адресу Бескудниковский бульвар, дом 34 корпус 6";"Северный административный округ";"Бескудниковский район";"Бескудниковский бульвар, дом 34 корпус 6";"Перед остановкой «Школа №656»; заездной карман";"37.5541046261787";"55.8724201842578";"2";"круглосуточно";"1705018";
315;"Парковка такси по адресу Кетчерская улица, владение 1, строение 2";"Восточный административный округ";"район Вешняки";"Кетчерская улица, владение 1, строение 2";"Станция метро «Новогиреево», разметка";"37.8191953897476";"55.7437118848313";"4";"круглосуточно";"1705019";
316;"Парковка такси по адресу Ангарская улица, дом 51";"Северный административный округ";"Дмитровский район";"Ангарская улица, дом 51";"Перед входом в парк ВИСХОМ; заездной карман";"37.5291520357131";"55.8812554814223";"2";"круглосуточно";"1705016";
317;"Парковка такси по адресу Вешняковская улица, дом 23";"Восточный административный округ";"район Вешняки";"Вешняковская улица, дом 23";"Станция метро «Выхино», заездной карман";"37.8296996711833";"55.7311976516203";"4";"круглосуточно";"1705022";
318;"Парковка такси по адресу улица Шверника, дом 22";"Юго-Западный административный округ";"Академический район";"улица Шверника, дом 22";"Пересечение Большой Черёмушкинской улицы с улицей Шверника";"37.596108126745";"55.6888605249618";"4";"круглосуточно";"1705025";
319;"Парковка такси по адресу Вешняковская улица, дом 16А";"Восточный административный округ";"район Вешняки";"Вешняковская улица, дом 16А";"Станция метро «Выхино», заездной карман";"37.8271140752258";"55.7244088005422";"4";"круглосуточно";"1705021";
320;"Парковка такси по адресу Лениногорская улица, дом 1, строение 1";"Восточный административный округ";"район Косино-Ухтомский";"Лениногорская улица, дом 1 строение 1";"Станция метро «Лермонтовский проспект», разметка";"37.8479845046604";"55.7064641417593";"6";"круглосуточно";"1705023";
321;"Парковка такси по адресу улица Вавилова, дом 57";"Юго-Западный административный округ";"Академический район";"улица Вавилова, дом 57";"Заездной карман";"37.5610633491487";"55.691230759001";"2";"круглосуточно";"1705024";
322;"Парковка такси по адресу Новоясеневский проспект, дом 42";"Юго-Западный административный округ";"район Ясенево";"Новоясеневский проспект, дом 42";"Новоясеневская улица, напротив выхода из станции метро «Новоясеневская», заездной карман";"37.5523658036399";"55.601803643508";"2";"круглосуточно";"1705026";
323;"Парковка такси по адресу аллея Жемчуговой, дом 1А";"Восточный административный округ";"район Вешняки";"аллея Жемчуговой, дом 1А";"Станция метро «Новогиреево», аллея Жемчуговой пересечение с улицей Юности, разметка";"37.812574249483";"55.7338589903647";"4";"круглосуточно";"1705029";
324;"Парковка такси по адресу Воронцовская улица, дом 50";"Центральный административный округ";"Таганский район";"Воронцовская улица, дом 50";"Станция метро «Крестьянская застава»";"37.665111";"55.732289";"3";"круглосуточно";"19694773";
325;"Парковка такси по адресу улица Айвазовского, дом 7";"Юго-Западный административный округ";"район Ясенево";"улица Айвазовского, дом 7";"Разметка";"37.5385331151119";"55.6139275436255";"3";"круглосуточно";"1705027";
326;"Парковка такси по адресу Хорошевское шоссе, дом 84";"Северный административный округ";"Хорошёвский район";"Хорошевское шоссе, дом 84";"Станция метро «Полежаевская»";"37.520473";"55.777854";"3";"круглосуточно";"19694775";
327;"Парковка такси по адресу Большая Семёновская улица, владение15, строение 1";"Восточный административный округ";"район Соколиная Гора";"Большая Семёновская улица, владение 15, строение 1";"Станция метро «Электрозаводская», разметка";"37.7054835141098";"55.7824342205016";"4";"круглосуточно";"1705028";
328;"Парковка такси по адресу улица Большие Каменщики, дом 2";"Центральный административный округ";"Таганский район";"улица Большие Каменщики, дом 2";"Станция метро «Таганская»";"37.652896";"55.738914";"3";"круглосуточно";"19694774";
329;"Парковка такси по адресу Проспект Мира, дом 176";"Северо-Восточный административный округ";"Алексеевский район";"Проспект Мира, дом 176";"Напротив выхода из гостиницы «Космос»";"37.645881";"55.823613";"3";"круглосуточно";"19694777";
330;"Парковка такси по адресу улица Миклухо-Маклая, дом 38, строение 1";"Юго-Западный административный округ";"район Коньково";"улица Миклухо-Маклая, дом 38, строение 1";"";"37.535508";"55.638603";"3";"круглосуточно";"19694780";
331;"Парковка такси по адресу Проспект Мира, дом 112";"Северо-Восточный административный округ";"Алексеевский район";"Проспект Мира, дом 112";"Станция метро «Алексеевская»";"37.637587";"55.806915";"3";"круглосуточно";"19694776";
332;"Парковка такси по адресу улица Туристская, дом 21";"Северо-Западный административный округ";"район Северное Тушино";"улица Туристская, дом 21";"";"37.420959";"55.853297";"3";"круглосуточно";"19694781";
333;"Парковка такси по адресу улица Бориса Галушкина, дом 17";"Северо-Восточный административный округ";"Алексеевский район";"улица Бориса Галушкина, дом 17";"Со стороны улицы Касаткина";"37.421002";"55.853285";"3";"круглосуточно";"19694782";
334;"Парковка такси по адресу проезд Стратонавтов, дом 4, строение 1";"Северо-Западный административный округ";"район Покровское-Стрешнево";"Проезд Стратонавтов, дом 4, строение 1";"Автостанция «Тушинская»";"37.446568";"55.824073";"3";"круглосуточно";"19694785";
335;"Парковка такси по адресу проезд Стратонавтов, дом 9, корпус 2";"Северо-Западный административный округ";"район Покровское-Стрешнево";"Проезд Стратонавтов, дом 9, корпус 2";"Торговый дом";"37.436336";"55.827272";"3";"круглосуточно";"19694786";
336;"Парковка такси по адресу Цветной бульвар, дом 15";"Центральный административный округ";"Мещанский район";"Цветной бульвар, дом 15";"Возле цирка";"37.620985507965";"55.7711962396432";"4";"круглосуточно";"1704670";
337;"Парковка такси по адресу Котельническая набережная, дом 1/15";"Центральный административный округ";"Таганский район";"Котельническая набережная, дом 1/15";"На парковке перед кинотеатром «Иллюзион»";"37.6450878381729";"55.7480332171779";"4";"круглосуточно";"1704674";
338;"Парковка такси по адресу Славянская площадь, дом 27/1";"Центральный административный округ";"Тверской район";"Лубянский проезд, дом 27/1, строение 1";"Станция метро «Китай-город», Славянская площадь";"37.6344984769821";"55.7542795931395";"5";"круглосуточно";"1704673";
339;"Парковка такси по адресу улица Серафимовича, дом 2, корпус 8";"Центральный административный округ";"район Якиманка";"улица Серафимовича, дом 2, корпус 8";"Вдоль набережной при съезде с Большой Полянки на Болотную набережную";"37.6155138015747";"55.7434043969338";"4";"круглосуточно";"1704676";
340;"Парковка такси по адресу улица Петровка, дом 10 (1)";"Центральный административный округ";"Тверской район";"улица Петровка, дом 10";"улица Петровка, дом 10 вдоль проезжей части";"37.6176756620407";"55.7625864176716";"3";"круглосуточно";"1704671";
341;"Парковка такси по адресу площадь Пречистенские Ворота, владение 1, строение 6";"Центральный административный округ";"район Хамовники";"площадь Пречистенские Ворота, владение 1, строение 6";"У выхода из станции метро «Кропоткинская»";"37.6021242141723";"55.7449232419277";"3";"круглосуточно";"1704672";
342;"Парковка такси по адресу Алтуфьевское шоссе, дом 17";"Северо-Восточный административный округ";"район Лианозово";"Алтуфьевское шоссе, дом 17";"Дублер, в составе ТПУ «Алтуфьево»";"37.5861042915858";"55.8993275703614";"3";"круглосуточно";"1704669";
343;"Парковка такси по адресу улица Крымский Вал, дом 9, строение 1";"Центральный административный округ";"район Якиманка";"улица Крымский Вал, дом 9, строение 1";"У входа в парк культуры и отдыха имени М. Горького";"37.6044362783432";"55.7318858234067";"6";"круглосуточно";"1704675";
344;"Парковка такси по адресу улица Волхонка, дом 13";"Центральный административный округ";"район Хамовники";"улица Волхонка, дом 13";"У галереи Ильи Глазунова";"37.6063513755798";"55.7465205320249";"5";"круглосуточно";"1704678";
345;"Парковка такси по адресу улица Серафимовича, дом 2, корпус 10";"Центральный административный округ";"район Якиманка";"улица Серафимовича, дом 2, корпус 10";"У входа в театр Эстрады со стороны Берсеневской набережной";"37.6109701395034";"55.744977593138";"2";"круглосуточно";"1704677";
346;"Парковка такси по адресу улица Красная Пресня, дом 4";"Центральный административный округ";"Пресненский район";"улица Красная Пресня, дом 4";"В заездном кармане";"37.5759109854698";"55.761238791859";"2";"круглосуточно";"1704679";
347;"Парковка такси по адресу Комсомольская площадь, дом 5 (1)";"Центральный административный округ";"Красносельский район";"Комсомольская площадь, дом 5";"В кармане перед въездом на парковку Ярославского вокзала";"37.6581716537475";"55.7763919944032";"2";"круглосуточно";"1704682";
348;"Парковка такси по адресу Дубининская улица, дом 7/4";"Центральный административный округ";"район Замоскворечье";"Дубининская улица, дом 7/4";"Павелецкий вокзал";"37.6368534564971";"55.7289709102552";"4";"круглосуточно";"1704680";
349;"Парковка такси по адресу Нижегородская улица, дом 1";"Центральный административный округ";"Таганский район";"Нижегородская улица, дом 1";"Напротив ТЦ «Нижегородский пассаж» в кармане проезжей части";"37.6742541790008";"55.7388716670817";"4";"круглосуточно";"1704684";
350;"Парковка такси по адресу Комсомольская площадь, дом 5 (2)";"Центральный административный округ";"Красносельский район";"Комсомольская площадь, дом 5";"Площадь прилегающая к Ленинградскому вокзалу, Краснопрудная улица";"37.6561117172241";"55.776081234122";"20";"круглосуточно";"1704683";
351;"Парковка такси по адресу Комсомольская площадь, дом 2 (2)";"Центральный административный округ";"Красносельский район";"Комсомольская площадь, дом 2";"Казанский вокзал, Рязанский проезд, у Казанского вокзала перед выездом на Комсомольскую площадь";"37.6539713144302";"55.7737308406862";"3";"круглосуточно";"1704681";
352;"Парковка такси по адресу Абельмановская улица, дом 17";"Центральный административный округ";"Таганский район";"Абельмановская улица, дом 17";"На паркове слева от кинотеатра «Победа»";"37.6707726716995";"55.7349213306178";"3";"круглосуточно";"1704685";
353;"Парковка такси по адресу Никольская улица, дом 25";"Центральный административный округ";"Тверской район";"Никольская улица, дом 25";"У подуличного перехода";"37.6246386766433";"55.759474584206";"2";"круглосуточно";"1704686";
354;"Парковка такси по адресу площадь Рогожская Застава, дом 2 (1)";"Центральный административный округ";"Таганский район";"площадь Рогожская Застава, дом 2";"Выход из станции метро «Площадь Ильича»";"37.6811152696609";"55.7464088144285";"2";"круглосуточно";"1704687";
